Tx,Ty,Tn,Ti,Nx,Ny,Ni,Nn,Kx,Ky,t_comp,t_dram_global,t_dram_read_spad,t_dram_write_spad,t_pred,err%,use_spad
8,8,4,4,224,224,64,64,3,3,0.306367,inf,6.654520,2.880057,6.659520,-8.51,True
8,8,4,4,224,224,128,128,3,3,1.225466,inf,26.618082,5.760115,26.623082,-19.19,True
8,8,4,4,224,224,256,256,3,3,4.901865,inf,106.472327,11.520230,106.477327,-55.76,True
8,8,4,4,224,112,64,64,3,3,0.153183,inf,3.327260,1.440029,3.332260,8.97,True
8,8,4,4,224,112,128,128,3,3,0.612733,inf,13.309041,2.880057,13.314041,-1.46,True
8,8,4,4,224,112,256,256,3,3,2.450932,inf,53.236164,5.760115,53.241164,-43.98,True
8,8,4,4,224,56,64,64,3,3,0.076592,inf,1.663630,0.720014,1.668630,11.17,True
8,8,4,4,224,56,128,128,3,3,0.306367,inf,6.654520,1.440029,6.659520,16.75,True
8,8,4,4,224,56,256,256,3,3,1.225466,inf,26.618082,2.880057,26.623082,-6.99,True
8,8,4,4,224,28,64,64,3,3,0.038296,inf,0.950646,0.360007,0.955646,0.38,True
8,8,4,4,224,28,128,128,3,3,0.153183,inf,3.802583,0.720014,3.807583,20.00,True
8,8,4,4,224,28,256,256,3,3,0.612733,inf,15.210332,1.440029,15.215332,30.85,True
8,8,4,4,112,224,64,64,3,3,0.153183,inf,3.327260,1.440029,3.332260,9.11,True
8,8,4,4,112,224,128,128,3,3,0.612733,inf,13.309041,2.880057,13.314041,-1.28,True
8,8,4,4,112,224,256,256,3,3,2.450932,inf,53.236164,5.760115,53.241164,-43.74,True
8,8,4,4,112,112,64,64,3,3,0.076592,inf,1.663630,0.720014,1.668630,11.61,True
8,8,4,4,112,112,128,128,3,3,0.306367,inf,6.654520,1.440029,6.659520,17.04,True
8,8,4,4,112,112,256,256,3,3,1.225466,inf,26.618082,2.880057,26.623082,-6.83,True
8,8,4,4,112,56,64,64,3,3,0.038296,inf,0.831815,0.360007,0.836815,-7.74,True
8,8,4,4,112,56,128,128,3,3,0.153183,inf,3.327260,0.720014,3.332260,11.86,True
8,8,4,4,112,56,256,256,3,3,0.612733,inf,13.309041,1.440029,13.314041,20.28,True
8,8,4,4,112,28,64,64,3,3,0.019148,inf,0.475323,0.180004,0.480323,0.07,True
8,8,4,4,112,28,128,128,3,3,0.076592,inf,1.901292,0.360007,1.906292,3.66,True
8,8,4,4,112,28,256,256,3,3,0.306367,inf,7.605166,0.720014,7.610166,15.59,True
8,8,4,4,56,224,64,64,3,3,0.076592,inf,1.663630,0.720014,1.668630,11.46,True
8,8,4,4,56,224,128,128,3,3,0.306367,inf,6.654520,1.440029,6.659520,16.67,True
8,8,4,4,56,224,256,256,3,3,1.225466,inf,26.618082,2.880057,26.623082,-7.96,True
8,8,4,4,56,112,64,64,3,3,0.038296,inf,0.831815,0.360007,0.836815,-7.43,True
8,8,4,4,56,112,128,128,3,3,0.153183,inf,3.327260,0.720014,3.332260,12.58,True
8,8,4,4,56,112,256,256,3,3,0.612733,inf,13.309041,1.440029,13.314041,20.25,True
8,8,4,4,56,56,64,64,3,3,0.019148,inf,0.415908,0.180004,0.420908,-5.41,True
8,8,4,4,56,56,128,128,3,3,0.076592,inf,1.663630,0.360007,1.668630,-4.60,True
8,8,4,4,56,56,256,256,3,3,0.306367,inf,6.654520,0.720014,6.659520,8.64,True
8,8,4,4,56,28,64,64,3,3,0.009574,inf,0.237661,0.090002,0.242661,-33.70,True
8,8,4,4,56,28,128,128,3,3,0.038296,inf,0.950646,0.180004,0.955646,7.74,True
8,8,4,4,56,28,256,256,3,3,0.153183,inf,3.802583,0.360007,3.807583,-2.82,True
8,8,4,4,28,224,64,64,3,3,0.038296,inf,0.950646,0.360007,0.955646,-1.68,True
8,8,4,4,28,224,128,128,3,3,0.153183,inf,3.802583,0.720014,3.807583,17.81,True
8,8,4,4,28,224,256,256,3,3,0.612733,inf,15.210332,1.440029,15.215332,33.98,True
8,8,4,4,28,112,64,64,3,3,0.019148,inf,0.475323,0.180004,0.480323,0.07,True
8,8,4,4,28,112,128,128,3,3,0.076592,inf,1.901292,0.360007,1.906292,0.38,True
8,8,4,4,28,112,256,256,3,3,0.306367,inf,7.605166,0.720014,7.610166,15.41,True
8,8,4,4,28,56,64,64,3,3,0.009574,inf,0.237661,0.090002,0.242661,-34.06,True
8,8,4,4,28,56,128,128,3,3,0.038296,inf,0.950646,0.180004,0.955646,8.23,True
8,8,4,4,28,56,256,256,3,3,0.153183,inf,3.802583,0.360007,3.807583,-12.69,True
8,8,4,4,28,28,64,64,3,3,0.004787,inf,0.135807,0.045001,0.140807,-54.43,True
8,8,4,4,28,28,128,128,3,3,0.019148,inf,0.543226,0.090002,0.548226,-17.44,True
8,8,4,4,28,28,256,256,3,3,0.076592,inf,2.172905,0.180004,2.177905,18.95,True
8,8,4,8,224,224,64,64,3,3,0.700266,inf,7.605166,3.291494,7.610166,14.87,True
8,8,4,8,224,224,128,128,3,3,2.801066,inf,30.420665,6.582988,30.425665,16.46,True
8,8,4,8,224,224,256,256,3,3,11.204263,inf,121.682660,13.165977,121.687660,-4.94,True
8,8,4,8,224,112,64,64,3,3,0.350133,inf,3.802583,1.645747,3.807583,22.63,True
8,8,4,8,224,112,128,128,3,3,1.400533,inf,15.210332,3.291494,15.215332,27.71,True
8,8,4,8,224,112,256,256,3,3,5.602131,inf,60.841330,6.582988,60.846330,8.21,True
8,8,4,8,224,56,64,64,3,3,0.175067,inf,1.901292,0.822874,1.906292,15.04,True
8,8,4,8,224,56,128,128,3,3,0.700266,inf,7.605166,1.645747,7.610166,22.67,True
8,8,4,8,224,56,256,256,3,3,2.801066,inf,30.420665,3.291494,30.425665,25.58,True
8,8,4,8,224,28,64,64,3,3,0.087533,inf,1.086452,0.411437,1.091452,10.69,True
8,8,4,8,224,28,128,128,3,3,0.350133,inf,4.345809,0.822874,4.350809,18.10,True
8,8,4,8,224,28,256,256,3,3,1.400533,inf,17.383237,1.645747,17.388237,32.11,True
8,8,4,8,112,224,64,64,3,3,0.350133,inf,3.802583,1.645747,3.807583,22.67,True
8,8,4,8,112,224,128,128,3,3,1.400533,inf,15.210332,3.291494,15.215332,27.55,True
8,8,4,8,112,224,256,256,3,3,5.602131,inf,60.841330,6.582988,60.846330,8.52,True
8,8,4,8,112,112,64,64,3,3,0.175067,inf,1.901292,0.822874,1.906292,15.39,True
8,8,4,8,112,112,128,128,3,3,0.700266,inf,7.605166,1.645747,7.610166,22.86,True
8,8,4,8,112,112,256,256,3,3,2.801066,inf,30.420665,3.291494,30.425665,25.62,True
8,8,4,8,112,56,64,64,3,3,0.087533,inf,0.950646,0.411437,0.955646,5.02,True
8,8,4,8,112,56,128,128,3,3,0.350133,inf,3.802583,0.822874,3.807583,11.89,True
8,8,4,8,112,56,256,256,3,3,1.400533,inf,15.210332,1.645747,15.215332,26.36,True
8,8,4,8,112,28,64,64,3,3,0.043767,inf,0.543226,0.205718,0.548226,6.66,True
8,8,4,8,112,28,128,128,3,3,0.175067,inf,2.172905,0.411437,2.177905,7.98,True
8,8,4,8,112,28,256,256,3,3,0.700266,inf,8.691619,0.822874,8.696619,21.06,True
8,8,4,8,56,224,64,64,3,3,0.175067,inf,1.901292,0.822874,1.906292,15.53,True
8,8,4,8,56,224,128,128,3,3,0.700266,inf,7.605166,1.645747,7.610166,22.80,True
8,8,4,8,56,224,256,256,3,3,2.801066,inf,30.420665,3.291494,30.425665,25.32,True
8,8,4,8,56,112,64,64,3,3,0.087533,inf,0.950646,0.411437,0.955646,4.67,True
8,8,4,8,56,112,128,128,3,3,0.350133,inf,3.802583,0.822874,3.807583,13.19,True
8,8,4,8,56,112,256,256,3,3,1.400533,inf,15.210332,1.645747,15.215332,25.93,True
8,8,4,8,56,56,64,64,3,3,0.043767,inf,0.475323,0.205718,0.480323,6.74,True
8,8,4,8,56,56,128,128,3,3,0.175067,inf,1.901292,0.411437,1.906292,2.38,True
8,8,4,8,56,56,256,256,3,3,0.700266,inf,7.605166,0.822874,7.610166,17.60,True
8,8,4,8,56,28,64,64,3,3,0.021883,inf,0.271613,0.102859,0.276613,-16.93,True
8,8,4,8,56,28,128,128,3,3,0.087533,inf,1.086452,0.205718,1.091452,15.50,True
8,8,4,8,56,28,256,256,3,3,0.350133,inf,4.345809,0.411437,4.350809,9.73,True
8,8,4,8,28,224,64,64,3,3,0.087533,inf,1.086452,0.411437,1.091452,8.49,True
8,8,4,8,28,224,128,128,3,3,0.350133,inf,4.345809,0.822874,4.350809,14.31,True
8,8,4,8,28,224,256,256,3,3,1.400533,inf,17.383237,1.645747,17.388237,32.25,True
8,8,4,8,28,112,64,64,3,3,0.043767,inf,0.543226,0.205718,0.548226,6.66,True
8,8,4,8,28,112,128,128,3,3,0.175067,inf,2.172905,0.411437,2.177905,-0.23,True
8,8,4,8,28,112,256,256,3,3,0.700266,inf,8.691619,0.822874,8.696619,16.70,True
8,8,4,8,28,56,64,64,3,3,0.021883,inf,0.271613,0.102859,0.276613,-16.43,True
8,8,4,8,28,56,128,128,3,3,0.087533,inf,1.086452,0.205718,1.091452,14.77,True
8,8,4,8,28,56,256,256,3,3,0.350133,inf,4.345809,0.411437,4.350809,0.64,True
8,8,4,8,28,28,64,64,3,3,0.010942,inf,0.155207,0.051430,0.160207,-47.30,True
8,8,4,8,28,28,128,128,3,3,0.043767,inf,0.620830,0.102859,0.625830,-2.37,True
8,8,4,8,28,28,256,256,3,3,0.175067,inf,2.483320,0.205718,2.488320,24.17,True
8,8,4,16,224,224,64,64,3,3,2.801066,inf,15.210332,6.582988,15.215332,37.83,True
8,8,4,16,224,224,128,128,3,3,11.204263,inf,60.841330,13.165977,60.846330,55.14,True
8,8,4,16,224,224,256,256,3,3,44.817050,inf,243.365320,26.331953,243.370320,56.87,True
8,8,4,16,224,112,64,64,3,3,1.400533,inf,7.605166,3.291494,7.610166,50.58,True
8,8,4,16,224,112,128,128,3,3,5.602131,inf,30.420665,6.582988,30.425665,54.08,True
8,8,4,16,224,112,256,256,3,3,22.408525,inf,121.682660,13.165977,121.687660,56.11,True
8,8,4,16,224,56,64,64,3,3,0.700266,inf,3.802583,1.645747,3.807583,44.01,True
8,8,4,16,224,56,128,128,3,3,2.801066,inf,15.210332,3.291494,15.215332,51.20,True
8,8,4,16,224,56,256,256,3,3,11.204263,inf,60.841330,6.582988,60.846330,54.68,True
8,8,4,16,224,28,64,64,3,3,0.350133,inf,2.172905,0.822874,2.177905,39.43,True
8,8,4,16,224,28,128,128,3,3,1.400533,inf,8.691619,1.645747,8.696619,46.53,True
8,8,4,16,224,28,256,256,3,3,5.602131,inf,34.766474,3.291494,34.771474,54.00,True
8,8,4,16,112,224,64,64,3,3,1.400533,inf,7.605166,3.291494,7.610166,49.45,True
8,8,4,16,112,224,128,128,3,3,5.602131,inf,30.420665,6.582988,30.425665,54.08,True
8,8,4,16,112,224,256,256,3,3,22.408525,inf,121.682660,13.165977,121.687660,56.11,True
8,8,4,16,112,112,64,64,3,3,0.700266,inf,3.802583,1.645747,3.807583,44.72,True
8,8,4,16,112,112,128,128,3,3,2.801066,inf,15.210332,3.291494,15.215332,51.17,True
8,8,4,16,112,112,256,256,3,3,11.204263,inf,60.841330,6.582988,60.846330,54.52,True
8,8,4,16,112,56,64,64,3,3,0.350133,inf,1.901292,0.822874,1.906292,39.25,True
8,8,4,16,112,56,128,128,3,3,1.400533,inf,7.605166,1.645747,7.610166,46.89,True
8,8,4,16,112,56,256,256,3,3,5.602131,inf,30.420665,3.291494,30.425665,52.43,True
8,8,4,16,112,28,64,64,3,3,0.175067,inf,1.086452,0.411437,1.091452,34.09,True
8,8,4,16,112,28,128,128,3,3,0.700266,inf,4.345809,0.822874,4.350809,36.01,True
8,8,4,16,112,28,256,256,3,3,2.801066,inf,17.383237,1.645747,17.388237,47.38,True
8,8,4,16,56,224,64,64,3,3,0.700266,inf,3.802583,1.645747,3.807583,45.27,True
8,8,4,16,56,224,128,128,3,3,2.801066,inf,15.210332,3.291494,15.215332,51.62,True
8,8,4,16,56,224,256,256,3,3,11.204263,inf,60.841330,6.582988,60.846330,54.74,True
8,8,4,16,56,112,64,64,3,3,0.350133,inf,1.901292,0.822874,1.906292,37.94,True
8,8,4,16,56,112,128,128,3,3,1.400533,inf,7.605166,1.645747,7.610166,46.41,True
8,8,4,16,56,112,256,256,3,3,5.602131,inf,30.420665,3.291494,30.425665,51.91,True
8,8,4,16,56,56,64,64,3,3,0.175067,inf,0.950646,0.411437,0.955646,36.52,True
8,8,4,16,56,56,128,128,3,3,0.700266,inf,3.802583,0.822874,3.807583,40.87,True
8,8,4,16,56,56,256,256,3,3,2.801066,inf,15.210332,1.645747,15.215332,49.37,True
8,8,4,16,56,28,64,64,3,3,0.087533,inf,0.543226,0.205718,0.548226,18.66,True
8,8,4,16,56,28,128,128,3,3,0.350133,inf,2.172905,0.411437,2.177905,40.06,True
8,8,4,16,56,28,256,256,3,3,1.400533,inf,8.691619,0.822874,8.696619,38.33,True
8,8,4,16,28,224,64,64,3,3,0.350133,inf,2.172905,0.822874,2.177905,38.63,True
8,8,4,16,28,224,128,128,3,3,1.400533,inf,8.691619,1.645747,8.696619,47.23,True
8,8,4,16,28,224,256,256,3,3,5.602131,inf,34.766474,3.291494,34.771474,53.83,True
8,8,4,16,28,112,64,64,3,3,0.175067,inf,1.086452,0.411437,1.091452,33.59,True
8,8,4,16,28,112,128,128,3,3,0.700266,inf,4.345809,0.822874,4.350809,37.68,True
8,8,4,16,28,112,256,256,3,3,2.801066,inf,17.383237,1.645747,17.388237,47.28,True
8,8,4,16,28,56,64,64,3,3,0.087533,inf,0.543226,0.205718,0.548226,17.90,True
8,8,4,16,28,56,128,128,3,3,0.350133,inf,2.172905,0.411437,2.177905,40.51,True
8,8,4,16,28,56,256,256,3,3,1.400533,inf,8.691619,0.822874,8.696619,37.63,True
8,8,4,16,28,28,64,64,3,3,0.043767,inf,0.310415,0.102859,0.315415,-18.71,True
8,8,4,16,28,28,128,128,3,3,0.175067,inf,1.241660,0.205718,1.246660,29.46,True
8,8,4,16,28,28,256,256,3,3,0.700266,inf,4.966639,0.411437,4.971639,50.38,True
8,8,8,4,224,224,64,64,3,3,0.306367,inf,3.327260,2.880057,3.332260,-56.71,True
8,8,8,4,224,224,128,128,3,3,1.225466,inf,13.309041,5.760115,13.314041,-60.67,True
8,8,8,4,224,224,256,256,3,3,4.901865,inf,53.236164,11.520230,53.241164,-78.57,True
8,8,8,4,224,112,64,64,3,3,0.153183,inf,1.663630,1.440029,1.668630,-50.34,True
8,8,8,4,224,112,128,128,3,3,0.612733,inf,6.654520,2.880057,6.659520,-52.59,True
8,8,8,4,224,112,256,256,3,3,2.450932,inf,26.618082,5.760115,26.623082,-72.21,True
8,8,8,4,224,56,64,64,3,3,0.076592,inf,0.831815,0.720014,0.836815,-51.91,True
8,8,8,4,224,56,128,128,3,3,0.306367,inf,3.327260,1.440029,3.332260,-46.22,True
8,8,8,4,224,56,256,256,3,3,1.225466,inf,13.309041,2.880057,13.314041,-55.08,True
8,8,8,4,224,28,64,64,3,3,0.038296,inf,0.475323,0.360007,0.480323,-46.21,True
8,8,8,4,224,28,128,128,3,3,0.153183,inf,1.901292,0.720014,1.906292,-50.11,True
8,8,8,4,224,28,256,256,3,3,0.612733,inf,7.605166,1.440029,7.610166,-42.82,True
8,8,8,4,112,224,64,64,3,3,0.153183,inf,1.663630,1.440029,1.668630,-50.98,True
8,8,8,4,112,224,128,128,3,3,0.612733,inf,6.654520,2.880057,6.659520,-52.43,True
8,8,8,4,112,224,256,256,3,3,2.450932,inf,26.618082,5.760115,26.623082,-72.22,True
8,8,8,4,112,112,64,64,3,3,0.076592,inf,0.831815,0.720014,0.836815,-52.21,True
8,8,8,4,112,112,128,128,3,3,0.306367,inf,3.327260,1.440029,3.332260,-46.14,True
8,8,8,4,112,112,256,256,3,3,1.225466,inf,13.309041,2.880057,13.314041,-54.48,True
8,8,8,4,112,56,64,64,3,3,0.038296,inf,0.415908,0.360007,0.420908,-49.04,True
8,8,8,4,112,56,128,128,3,3,0.153183,inf,1.663630,0.720014,1.668630,-54.78,True
8,8,8,4,112,56,256,256,3,3,0.612733,inf,6.654520,1.440029,6.659520,-45.32,True
8,8,8,4,112,28,64,64,3,3,0.019148,inf,0.237661,0.180004,0.242661,-64.37,True
8,8,8,4,112,28,128,128,3,3,0.076592,inf,0.950646,0.360007,0.955646,-44.28,True
8,8,8,4,112,28,256,256,3,3,0.306367,inf,3.802583,0.720014,3.807583,-50.29,True
8,8,8,4,56,224,64,64,3,3,0.076592,inf,0.831815,0.720014,0.836815,-52.29,True
8,8,8,4,56,224,128,128,3,3,0.306367,inf,3.327260,1.440029,3.332260,-46.47,True
8,8,8,4,56,224,256,256,3,3,1.225466,inf,13.309041,2.880057,13.314041,-54.85,True
8,8,8,4,56,112,64,64,3,3,0.038296,inf,0.415908,0.360007,0.420908,-48.73,True
8,8,8,4,56,112,128,128,3,3,0.153183,inf,1.663630,0.720014,1.668630,-55.18,True
8,8,8,4,56,112,256,256,3,3,0.612733,inf,6.654520,1.440029,6.659520,-45.66,True
8,8,8,4,56,56,64,64,3,3,0.019148,inf,0.207954,0.180004,0.212954,-68.17,True
8,8,8,4,56,56,128,128,3,3,0.076592,inf,0.831815,0.360007,0.836815,-47.14,True
8,8,8,4,56,56,256,256,3,3,0.306367,inf,3.327260,0.720014,3.332260,-53.78,True
8,8,8,4,56,28,64,64,3,3,0.009574,inf,0.118831,0.090002,0.123831,-79.33,True
8,8,8,4,56,28,128,128,3,3,0.038296,inf,0.475323,0.180004,0.480323,-63.17,True
8,8,8,4,56,28,256,256,3,3,0.153183,inf,1.901292,0.360007,1.906292,-43.52,True
8,8,8,4,28,224,64,64,3,3,0.038296,inf,0.475323,0.360007,0.480323,-46.39,True
8,8,8,4,28,224,128,128,3,3,0.153183,inf,1.901292,0.720014,1.906292,-56.56,True
8,8,8,4,28,224,256,256,3,3,0.612733,inf,7.605166,1.440029,7.610166,-42.91,True
8,8,8,4,28,112,64,64,3,3,0.019148,inf,0.237661,0.180004,0.242661,-64.68,True
8,8,8,4,28,112,128,128,3,3,0.076592,inf,0.950646,0.360007,0.955646,-44.54,True
8,8,8,4,28,112,256,256,3,3,0.306367,inf,3.802583,0.720014,3.807583,-56.16,True
8,8,8,4,28,56,64,64,3,3,0.009574,inf,0.118831,0.090002,0.123831,-79.29,True
8,8,8,4,28,56,128,128,3,3,0.038296,inf,0.475323,0.180004,0.480323,-62.24,True
8,8,8,4,28,56,256,256,3,3,0.153183,inf,1.901292,0.360007,1.906292,-43.20,True
8,8,8,4,28,28,64,64,3,3,0.004787,inf,0.067903,0.045001,0.072903,-86.98,True
8,8,8,4,28,28,128,128,3,3,0.019148,inf,0.271613,0.090002,0.276613,-75.46,True
8,8,8,4,28,28,256,256,3,3,0.076592,inf,1.086452,0.180004,1.091452,-56.11,True
8,8,8,8,224,224,64,64,3,3,0.700266,inf,3.802583,3.291494,3.807583,-45.55,True
8,8,8,8,224,224,128,128,3,3,2.801066,inf,15.210332,6.582988,15.215332,-41.94,True
8,8,8,8,224,224,256,256,3,3,11.204263,inf,60.841330,13.165977,60.846330,-53.92,True
8,8,8,8,224,112,64,64,3,3,0.350133,inf,1.901292,1.645747,1.906292,-45.47,True
8,8,8,8,224,112,128,128,3,3,1.400533,inf,7.605166,3.291494,7.610166,-39.00,True
8,8,8,8,224,112,256,256,3,3,5.602131,inf,30.420665,6.582988,30.425665,-46.68,True
8,8,8,8,224,56,64,64,3,3,0.175067,inf,0.950646,0.822874,0.955646,-51.49,True
8,8,8,8,224,56,128,128,3,3,0.700266,inf,3.802583,1.645747,3.807583,-42.99,True
8,8,8,8,224,56,256,256,3,3,2.801066,inf,15.210332,3.291494,15.215332,-40.33,True
8,8,8,8,224,28,64,64,3,3,0.087533,inf,0.543226,0.411437,0.548226,-42.47,True
8,8,8,8,224,28,128,128,3,3,0.350133,inf,2.172905,0.822874,2.177905,-44.81,True
8,8,8,8,224,28,256,256,3,3,1.400533,inf,8.691619,1.645747,8.696619,-38.48,True
8,8,8,8,112,224,64,64,3,3,0.350133,inf,1.901292,1.645747,1.906292,-45.30,True
8,8,8,8,112,224,128,128,3,3,1.400533,inf,7.605166,3.291494,7.610166,-38.90,True
8,8,8,8,112,224,256,256,3,3,5.602131,inf,30.420665,6.582988,30.425665,-46.47,True
8,8,8,8,112,112,64,64,3,3,0.175067,inf,0.950646,0.822874,0.955646,-51.17,True
8,8,8,8,112,112,128,128,3,3,0.700266,inf,3.802583,1.645747,3.807583,-42.96,True
8,8,8,8,112,112,256,256,3,3,2.801066,inf,15.210332,3.291494,15.215332,-40.01,True
8,8,8,8,112,56,64,64,3,3,0.087533,inf,0.475323,0.411437,0.480323,-41.57,True
8,8,8,8,112,56,128,128,3,3,0.350133,inf,1.901292,0.822874,1.906292,-46.39,True
8,8,8,8,112,56,256,256,3,3,1.400533,inf,7.605166,1.645747,7.610166,-41.41,True
8,8,8,8,112,28,64,64,3,3,0.043767,inf,0.271613,0.205718,0.276613,-54.05,True
8,8,8,8,112,28,128,128,3,3,0.175067,inf,1.086452,0.411437,1.091452,-40.19,True
8,8,8,8,112,28,256,256,3,3,0.700266,inf,4.345809,0.822874,4.350809,-45.28,True
8,8,8,8,56,224,64,64,3,3,0.175067,inf,0.950646,0.822874,0.955646,-50.41,True
8,8,8,8,56,224,128,128,3,3,0.700266,inf,3.802583,1.645747,3.807583,-42.75,True
8,8,8,8,56,224,256,256,3,3,2.801066,inf,15.210332,3.291494,15.215332,-40.22,True
8,8,8,8,56,112,64,64,3,3,0.087533,inf,0.475323,0.411437,0.480323,-41.71,True
8,8,8,8,56,112,128,128,3,3,0.350133,inf,1.901292,0.822874,1.906292,-47.38,True
8,8,8,8,56,112,256,256,3,3,1.400533,inf,7.605166,1.645747,7.610166,-42.07,True
8,8,8,8,56,56,64,64,3,3,0.043767,inf,0.237661,0.205718,0.242661,-58.23,True
8,8,8,8,56,56,128,128,3,3,0.175067,inf,0.950646,0.411437,0.955646,-39.29,True
8,8,8,8,56,56,256,256,3,3,0.700266,inf,3.802583,0.822874,3.807583,-46.85,True
8,8,8,8,56,28,64,64,3,3,0.021883,inf,0.135807,0.102859,0.140807,-72.23,True
8,8,8,8,56,28,128,128,3,3,0.087533,inf,0.543226,0.205718,0.548226,-51.53,True
8,8,8,8,56,28,256,256,3,3,0.350133,inf,2.172905,0.411437,2.177905,-39.57,True
8,8,8,8,28,224,64,64,3,3,0.087533,inf,0.543226,0.411437,0.548226,-42.23,True
8,8,8,8,28,224,128,128,3,3,0.350133,inf,2.172905,0.822874,2.177905,-51.46,True
8,8,8,8,28,224,256,256,3,3,1.400533,inf,8.691619,1.645747,8.696619,-42.26,True
8,8,8,8,28,112,64,64,3,3,0.043767,inf,0.271613,0.205718,0.276613,-54.35,True
8,8,8,8,28,112,128,128,3,3,0.175067,inf,1.086452,0.411437,1.091452,-40.39,True
8,8,8,8,28,112,256,256,3,3,0.700266,inf,4.345809,0.822874,4.350809,-54.71,True
8,8,8,8,28,56,64,64,3,3,0.021883,inf,0.135807,0.102859,0.140807,-72.17,True
8,8,8,8,28,56,128,128,3,3,0.087533,inf,0.543226,0.205718,0.548226,-51.36,True
8,8,8,8,28,56,256,256,3,3,0.350133,inf,2.172905,0.411437,2.177905,-39.28,True
8,8,8,8,28,28,64,64,3,3,0.010942,inf,0.077604,0.051430,0.082604,-81.60,True
8,8,8,8,28,28,128,128,3,3,0.043767,inf,0.310415,0.102859,0.315415,-70.71,True
8,8,8,8,28,28,256,256,3,3,0.175067,inf,1.241660,0.205718,1.246660,-47.22,True
8,8,8,16,224,224,64,64,3,3,2.801066,inf,7.605166,6.582988,7.610166,-32.11,True
8,8,8,16,224,224,128,128,3,3,11.204263,inf,30.420665,13.165977,30.425665,-23.18,True
8,8,8,16,224,224,256,256,3,3,44.817050,inf,121.682660,26.331953,121.687660,-21.89,True
8,8,8,16,224,112,64,64,3,3,1.400533,inf,3.802583,3.291494,3.807583,-26.89,True
8,8,8,16,224,112,128,128,3,3,5.602131,inf,15.210332,6.582988,15.215332,-23.81,True
8,8,8,16,224,112,256,256,3,3,22.408525,inf,60.841330,13.165977,60.846330,-22.70,True
8,8,8,16,224,56,64,64,3,3,0.700266,inf,1.901292,1.645747,1.906292,-30.83,True
8,8,8,16,224,56,128,128,3,3,2.801066,inf,7.605166,3.291494,7.610166,-26.34,True
8,8,8,16,224,56,256,256,3,3,11.204263,inf,30.420665,6.582988,30.425665,-23.69,True
8,8,8,16,224,28,64,64,3,3,0.350133,inf,1.086452,0.822874,1.091452,-29.99,True
8,8,8,16,224,28,128,128,3,3,1.400533,inf,4.345809,1.645747,4.350809,-31.30,True
8,8,8,16,224,28,256,256,3,3,5.602131,inf,17.383237,3.291494,17.388237,-26.38,True
8,8,8,16,112,224,64,64,3,3,1.400533,inf,3.802583,3.291494,3.807583,-27.42,True
8,8,8,16,112,224,128,128,3,3,5.602131,inf,15.210332,6.582988,15.215332,-24.07,True
8,8,8,16,112,224,256,256,3,3,22.408525,inf,60.841330,13.165977,60.846330,-22.70,True
8,8,8,16,112,112,64,64,3,3,0.700266,inf,1.901292,1.645747,1.906292,-29.76,True
8,8,8,16,112,112,128,128,3,3,2.801066,inf,7.605166,3.291494,7.610166,-26.17,True
8,8,8,16,112,112,256,256,3,3,11.204263,inf,30.420665,6.582988,30.425665,-23.69,True
8,8,8,16,112,56,64,64,3,3,0.350133,inf,0.950646,0.822874,0.955646,-27.98,True
8,8,8,16,112,56,128,128,3,3,1.400533,inf,3.802583,1.645747,3.807583,-30.24,True
8,8,8,16,112,56,256,256,3,3,5.602131,inf,15.210332,3.291494,15.215332,-25.88,True
8,8,8,16,112,28,64,64,3,3,0.175067,inf,0.543226,0.411437,0.548226,-35.95,True
8,8,8,16,112,28,128,128,3,3,0.700266,inf,2.172905,0.822874,2.177905,-28.41,True
8,8,8,16,112,28,256,256,3,3,2.801066,inf,8.691619,1.645747,8.696619,-30.85,True
8,8,8,16,56,224,64,64,3,3,0.700266,inf,1.901292,1.645747,1.906292,-29.94,True
8,8,8,16,56,224,128,128,3,3,2.801066,inf,7.605166,3.291494,7.610166,-25.87,True
8,8,8,16,56,224,256,256,3,3,11.204263,inf,30.420665,6.582988,30.425665,-23.95,True
8,8,8,16,56,112,64,64,3,3,0.350133,inf,0.950646,0.822874,0.955646,-27.98,True
8,8,8,16,56,112,128,128,3,3,1.400533,inf,3.802583,1.645747,3.807583,-30.12,True
8,8,8,16,56,112,256,256,3,3,5.602131,inf,15.210332,3.291494,15.215332,-25.46,True
8,8,8,16,56,56,64,64,3,3,0.175067,inf,0.475323,0.411437,0.480323,-36.88,True
8,8,8,16,56,56,128,128,3,3,0.700266,inf,1.901292,0.822874,1.906292,-25.77,True
8,8,8,16,56,56,256,256,3,3,2.801066,inf,7.605166,1.645747,7.610166,-29.12,True
8,8,8,16,56,28,64,64,3,3,0.087533,inf,0.271613,0.205718,0.276613,-52.31,True
8,8,8,16,56,28,128,128,3,3,0.350133,inf,1.086452,0.411437,1.091452,-32.83,True
8,8,8,16,56,28,256,256,3,3,1.400533,inf,4.345809,0.822874,4.350809,-27.63,True
8,8,8,16,28,224,64,64,3,3,0.350133,inf,1.086452,0.822874,1.091452,-29.76,True
8,8,8,16,28,224,128,128,3,3,1.400533,inf,4.345809,1.645747,4.350809,-30.82,True
8,8,8,16,28,224,256,256,3,3,5.602131,inf,17.383237,3.291494,17.388237,-26.37,True
8,8,8,16,28,112,64,64,3,3,0.175067,inf,0.543226,0.411437,0.548226,-36.33,True
8,8,8,16,28,112,128,128,3,3,0.700266,inf,2.172905,0.822874,2.177905,-28.41,True
8,8,8,16,28,112,256,256,3,3,2.801066,inf,8.691619,1.645747,8.696619,-31.67,True
8,8,8,16,28,56,64,64,3,3,0.087533,inf,0.271613,0.205718,0.276613,-51.64,True
8,8,8,16,28,56,128,128,3,3,0.350133,inf,1.086452,0.411437,1.091452,-32.83,True
8,8,8,16,28,56,256,256,3,3,1.400533,inf,4.345809,0.822874,4.350809,-27.49,True
8,8,8,16,28,28,64,64,3,3,0.043767,inf,0.155207,0.102859,0.160207,-69.25,True
8,8,8,16,28,28,128,128,3,3,0.175067,inf,0.620830,0.205718,0.625830,-54.19,True
8,8,8,16,28,28,256,256,3,3,0.700266,inf,2.483320,0.411437,2.488320,-31.71,True
8,8,16,4,224,224,64,64,3,3,0.306367,inf,1.663630,2.880057,2.885057,-66.14,True
8,8,16,4,224,224,128,128,3,3,1.225466,inf,6.654520,5.760115,6.659520,-81.32,True
8,8,16,4,224,224,256,256,3,3,4.901865,inf,26.618082,11.520230,26.623082,-89.51,True
8,8,16,4,224,112,64,64,3,3,0.153183,inf,0.831815,1.440029,1.445029,-63.21,True
8,8,16,4,224,112,128,128,3,3,0.612733,inf,3.327260,2.880057,3.332260,-78.09,True
8,8,16,4,224,112,256,256,3,3,2.450932,inf,13.309041,5.760115,13.314041,-86.59,True
8,8,16,4,224,56,64,64,3,3,0.076592,inf,0.415908,0.720014,0.725014,-54.94,True
8,8,16,4,224,56,128,128,3,3,0.306367,inf,1.663630,1.440029,1.668630,-76.87,True
8,8,16,4,224,56,256,256,3,3,1.225466,inf,6.654520,2.880057,6.659520,-78.95,True
8,8,16,4,224,28,64,64,3,3,0.038296,inf,0.237661,0.360007,0.365007,-71.73,True
8,8,16,4,224,28,128,128,3,3,0.153183,inf,0.950646,0.720014,0.955646,-71.91,True
8,8,16,4,224,28,256,256,3,3,0.612733,inf,3.802583,1.440029,3.807583,-75.33,True
8,8,16,4,112,224,64,64,3,3,0.153183,inf,0.831815,1.440029,1.445029,-63.63,True
8,8,16,4,112,224,128,128,3,3,0.612733,inf,3.327260,2.880057,3.332260,-78.43,True
8,8,16,4,112,224,256,256,3,3,2.450932,inf,13.309041,5.760115,13.314041,-86.63,True
8,8,16,4,112,112,64,64,3,3,0.076592,inf,0.415908,0.720014,0.725014,-54.91,True
8,8,16,4,112,112,128,128,3,3,0.306367,inf,1.663630,1.440029,1.668630,-76.50,True
8,8,16,4,112,112,256,256,3,3,1.225466,inf,6.654520,2.880057,6.659520,-78.56,True
8,8,16,4,112,56,64,64,3,3,0.038296,inf,0.207954,0.360007,0.365007,-71.42,True
8,8,16,4,112,56,128,128,3,3,0.153183,inf,0.831815,0.720014,0.836815,-73.08,True
8,8,16,4,112,56,256,256,3,3,0.612733,inf,3.327260,1.440029,3.332260,-77.06,True
8,8,16,4,112,28,64,64,3,3,0.019148,inf,0.118831,0.180004,0.185004,-84.13,True
8,8,16,4,112,28,128,128,3,3,0.076592,inf,0.475323,0.360007,0.480323,-81.07,True
8,8,16,4,112,28,256,256,3,3,0.306367,inf,1.901292,0.720014,1.906292,-71.56,True
8,8,16,4,56,224,64,64,3,3,0.076592,inf,0.415908,0.720014,0.725014,-54.69,True
8,8,16,4,56,224,128,128,3,3,0.306367,inf,1.663630,1.440029,1.668630,-76.53,True
8,8,16,4,56,224,256,256,3,3,1.225466,inf,6.654520,2.880057,6.659520,-79.02,True
8,8,16,4,56,112,64,64,3,3,0.038296,inf,0.207954,0.360007,0.365007,-71.30,True
8,8,16,4,56,112,128,128,3,3,0.153183,inf,0.831815,0.720014,0.836815,-73.04,True
8,8,16,4,56,112,256,256,3,3,0.612733,inf,3.327260,1.440029,3.332260,-76.80,True
8,8,16,4,56,56,64,64,3,3,0.019148,inf,0.103977,0.180004,0.185004,-84.00,True
8,8,16,4,56,56,128,128,3,3,0.076592,inf,0.415908,0.360007,0.420908,-83.09,True
8,8,16,4,56,56,256,256,3,3,0.306367,inf,1.663630,0.720014,1.668630,-72.80,True
8,8,16,4,56,28,64,64,3,3,0.009574,inf,0.059415,0.090002,0.095002,-90.93,True
8,8,16,4,56,28,128,128,3,3,0.038296,inf,0.237661,0.180004,0.242661,-89.37,True
8,8,16,4,56,28,256,256,3,3,0.153183,inf,0.950646,0.360007,0.955646,-80.86,True
8,8,16,4,28,224,64,64,3,3,0.038296,inf,0.237661,0.360007,0.365007,-71.94,True
8,8,16,4,28,224,128,128,3,3,0.153183,inf,0.950646,0.720014,0.955646,-71.98,True
8,8,16,4,28,224,256,256,3,3,0.612733,inf,3.802583,1.440029,3.807583,-78.23,True
8,8,16,4,28,112,64,64,3,3,0.019148,inf,0.118831,0.180004,0.185004,-83.61,True
8,8,16,4,28,112,128,128,3,3,0.076592,inf,0.475323,0.360007,0.480323,-81.51,True
8,8,16,4,28,112,256,256,3,3,0.306367,inf,1.901292,0.720014,1.906292,-71.65,True
8,8,16,4,28,56,64,64,3,3,0.009574,inf,0.059415,0.090002,0.095002,-90.72,True
8,8,16,4,28,56,128,128,3,3,0.038296,inf,0.237661,0.180004,0.242661,-89.06,True
8,8,16,4,28,56,256,256,3,3,0.153183,inf,0.950646,0.360007,0.955646,-80.50,True
8,8,16,4,28,28,64,64,3,3,0.004787,inf,0.033952,0.045001,0.050001,-95.02,True
8,8,16,4,28,28,128,128,3,3,0.019148,inf,0.135807,0.090002,0.140807,-93.34,True
8,8,16,4,28,28,256,256,3,3,0.076592,inf,0.543226,0.180004,0.548226,-87.30,True
8,8,16,8,224,224,64,64,3,3,0.700266,inf,1.901292,3.291494,3.296494,-56.02,True
8,8,16,8,224,224,128,128,3,3,2.801066,inf,7.605166,6.582988,7.610166,-72.29,True
8,8,16,8,224,224,256,256,3,3,11.204263,inf,30.420665,13.165977,30.425665,-77.43,True
8,8,16,8,224,112,64,64,3,3,0.350133,inf,0.950646,1.645747,1.650747,-56.78,True
8,8,16,8,224,112,128,128,3,3,1.400533,inf,3.802583,3.291494,3.807583,-71.39,True
8,8,16,8,224,112,256,256,3,3,5.602131,inf,15.210332,6.582988,15.215332,-74.58,True
8,8,16,8,224,56,64,64,3,3,0.175067,inf,0.475323,0.822874,0.827874,-48.61,True
8,8,16,8,224,56,128,128,3,3,0.700266,inf,1.901292,1.645747,1.906292,-74.94,True
8,8,16,8,224,56,256,256,3,3,2.801066,inf,7.605166,3.291494,7.610166,-71.56,True
8,8,16,8,224,28,64,64,3,3,0.087533,inf,0.271613,0.411437,0.416437,-63.69,True
8,8,16,8,224,28,128,128,3,3,0.350133,inf,1.086452,0.822874,1.091452,-69.70,True
8,8,16,8,224,28,256,256,3,3,1.400533,inf,4.345809,1.645747,4.350809,-71.84,True
8,8,16,8,112,224,64,64,3,3,0.350133,inf,0.950646,1.645747,1.650747,-55.52,True
8,8,16,8,112,224,128,128,3,3,1.400533,inf,3.802583,3.291494,3.807583,-71.39,True
8,8,16,8,112,224,256,256,3,3,5.602131,inf,15.210332,6.582988,15.215332,-74.42,True
8,8,16,8,112,112,64,64,3,3,0.175067,inf,0.475323,0.822874,0.827874,-48.61,True
8,8,16,8,112,112,128,128,3,3,0.700266,inf,1.901292,1.645747,1.906292,-74.45,True
8,8,16,8,112,112,256,256,3,3,2.801066,inf,7.605166,3.291494,7.610166,-71.61,True
8,8,16,8,112,56,64,64,3,3,0.087533,inf,0.237661,0.411437,0.416437,-61.48,True
8,8,16,8,112,56,128,128,3,3,0.350133,inf,0.950646,0.822874,0.955646,-69.14,True
8,8,16,8,112,56,256,256,3,3,1.400533,inf,3.802583,1.645747,3.807583,-75.41,True
8,8,16,8,112,28,64,64,3,3,0.043767,inf,0.135807,0.205718,0.210718,-78.07,True
8,8,16,8,112,28,128,128,3,3,0.175067,inf,0.543226,0.411437,0.548226,-75.02,True
8,8,16,8,112,28,256,256,3,3,0.700266,inf,2.172905,0.822874,2.177905,-69.32,True
8,8,16,8,56,224,64,64,3,3,0.175067,inf,0.475323,0.822874,0.827874,-48.52,True
8,8,16,8,56,224,128,128,3,3,0.700266,inf,1.901292,1.645747,1.906292,-74.78,True
8,8,16,8,56,224,256,256,3,3,2.801066,inf,7.605166,3.291494,7.610166,-71.50,True
8,8,16,8,56,112,64,64,3,3,0.087533,inf,0.237661,0.411437,0.416437,-61.51,True
8,8,16,8,56,112,128,128,3,3,0.350133,inf,0.950646,0.822874,0.955646,-69.05,True
8,8,16,8,56,112,256,256,3,3,1.400533,inf,3.802583,1.645747,3.807583,-74.43,True
8,8,16,8,56,56,64,64,3,3,0.043767,inf,0.118831,0.205718,0.210718,-78.16,True
8,8,16,8,56,56,128,128,3,3,0.175067,inf,0.475323,0.411437,0.480323,-77.08,True
8,8,16,8,56,56,256,256,3,3,0.700266,inf,1.901292,0.822874,1.906292,-68.72,True
8,8,16,8,56,28,64,64,3,3,0.021883,inf,0.067903,0.102859,0.107859,-87.74,True
8,8,16,8,56,28,128,128,3,3,0.087533,inf,0.271613,0.205718,0.276613,-85.20,True
8,8,16,8,56,28,256,256,3,3,0.350133,inf,1.086452,0.411437,1.091452,-74.65,True
8,8,16,8,28,224,64,64,3,3,0.087533,inf,0.271613,0.411437,0.416437,-63.91,True
8,8,16,8,28,224,128,128,3,3,0.350133,inf,1.086452,0.822874,1.091452,-69.80,True
8,8,16,8,28,224,256,256,3,3,1.400533,inf,4.345809,1.645747,4.350809,-78.93,True
8,8,16,8,28,112,64,64,3,3,0.043767,inf,0.135807,0.205718,0.210718,-78.12,True
8,8,16,8,28,112,128,128,3,3,0.175067,inf,0.543226,0.411437,0.548226,-74.83,True
8,8,16,8,28,112,256,256,3,3,0.700266,inf,2.172905,0.822874,2.177905,-69.44,True
8,8,16,8,28,56,64,64,3,3,0.021883,inf,0.067903,0.102859,0.107859,-87.62,True
8,8,16,8,28,56,128,128,3,3,0.087533,inf,0.271613,0.205718,0.276613,-85.07,True
8,8,16,8,28,56,256,256,3,3,0.350133,inf,1.086452,0.411437,1.091452,-74.39,True
8,8,16,8,28,28,64,64,3,3,0.010942,inf,0.038802,0.051430,0.056430,-92.85,True
8,8,16,8,28,28,128,128,3,3,0.043767,inf,0.155207,0.102859,0.160207,-90.80,True
8,8,16,8,28,28,256,256,3,3,0.175067,inf,0.620830,0.205718,0.625830,-84.96,True
8,8,16,16,224,224,64,64,3,3,2.801066,inf,3.802583,6.582988,6.587988,-42.59,True
8,8,16,16,224,224,128,128,3,3,11.204263,inf,15.210332,13.165977,15.215332,-62.05,True
8,8,16,16,224,224,256,256,3,3,44.817050,inf,60.841330,26.331953,60.846330,-61.29,True
8,8,16,16,224,112,64,64,3,3,1.400533,inf,1.901292,3.291494,3.296494,-41.39,True
8,8,16,16,224,112,128,128,3,3,5.602131,inf,7.605166,6.582988,7.610166,-62.84,True
8,8,16,16,224,112,256,256,3,3,22.408525,inf,30.420665,13.165977,30.425665,-61.90,True
8,8,16,16,224,56,64,64,3,3,0.700266,inf,0.950646,1.645747,1.650747,-36.07,True
8,8,16,16,224,56,128,128,3,3,2.801066,inf,3.802583,3.291494,3.807583,-64.68,True
8,8,16,16,224,56,256,256,3,3,11.204263,inf,15.210332,6.582988,15.215332,-62.91,True
8,8,16,16,224,28,64,64,3,3,0.350133,inf,0.543226,0.822874,0.827874,-49.05,True
8,8,16,16,224,28,128,128,3,3,1.400533,inf,2.172905,1.645747,2.177905,-63.79,True
8,8,16,16,224,28,256,256,3,3,5.602131,inf,8.691619,3.291494,8.696619,-64.84,True
8,8,16,16,112,224,64,64,3,3,1.400533,inf,1.901292,3.291494,3.296494,-40.74,True
8,8,16,16,112,224,128,128,3,3,5.602131,inf,7.605166,6.582988,7.610166,-63.04,True
8,8,16,16,112,224,256,256,3,3,22.408525,inf,30.420665,13.165977,30.425665,-61.93,True
8,8,16,16,112,112,64,64,3,3,0.700266,inf,0.950646,1.645747,1.650747,-35.92,True
8,8,16,16,112,112,128,128,3,3,2.801066,inf,3.802583,3.291494,3.807583,-64.59,True
8,8,16,16,112,112,256,256,3,3,11.204263,inf,15.210332,6.582988,15.215332,-62.99,True
8,8,16,16,112,56,64,64,3,3,0.350133,inf,0.475323,0.822874,0.827874,-42.75,True
8,8,16,16,112,56,128,128,3,3,1.400533,inf,1.901292,1.645747,1.906292,-62.28,True
8,8,16,16,112,56,256,256,3,3,5.602131,inf,7.605166,3.291494,7.610166,-67.30,True
8,8,16,16,112,28,64,64,3,3,0.175067,inf,0.271613,0.411437,0.416437,-61.90,True
8,8,16,16,112,28,128,128,3,3,0.700266,inf,1.086452,0.822874,1.091452,-65.42,True
8,8,16,16,112,28,256,256,3,3,2.801066,inf,4.345809,1.645747,4.350809,-63.56,True
8,8,16,16,56,224,64,64,3,3,0.700266,inf,0.950646,1.645747,1.650747,-35.94,True
8,8,16,16,56,224,128,128,3,3,2.801066,inf,3.802583,3.291494,3.807583,-64.28,True
8,8,16,16,56,224,256,256,3,3,11.204263,inf,15.210332,6.582988,15.215332,-62.86,True
8,8,16,16,56,112,64,64,3,3,0.350133,inf,0.475323,0.822874,0.827874,-42.91,True
8,8,16,16,56,112,128,128,3,3,1.400533,inf,1.901292,1.645747,1.906292,-62.30,True
8,8,16,16,56,112,256,256,3,3,5.602131,inf,7.605166,3.291494,7.610166,-67.04,True
8,8,16,16,56,56,64,64,3,3,0.175067,inf,0.237661,0.411437,0.416437,-60.15,True
8,8,16,16,56,56,128,128,3,3,0.700266,inf,0.950646,0.822874,0.955646,-65.95,True
8,8,16,16,56,56,256,256,3,3,2.801066,inf,3.802583,1.645747,3.807583,-61.89,True
8,8,16,16,56,28,64,64,3,3,0.087533,inf,0.135807,0.205718,0.210718,-78.12,True
8,8,16,16,56,28,128,128,3,3,0.350133,inf,0.543226,0.411437,0.548226,-73.67,True
8,8,16,16,56,28,256,256,3,3,1.400533,inf,2.172905,0.822874,2.177905,-64.92,True
8,8,16,16,28,224,64,64,3,3,0.350133,inf,0.543226,0.822874,0.827874,-49.61,True
8,8,16,16,28,224,128,128,3,3,1.400533,inf,2.172905,1.645747,2.177905,-63.82,True
8,8,16,16,28,224,256,256,3,3,5.602131,inf,8.691619,3.291494,8.696619,-65.87,True
8,8,16,16,28,112,64,64,3,3,0.175067,inf,0.271613,0.411437,0.416437,-60.23,True
8,8,16,16,28,112,128,128,3,3,0.700266,inf,1.086452,0.822874,1.091452,-65.31,True
8,8,16,16,28,112,256,256,3,3,2.801066,inf,4.345809,1.645747,4.350809,-63.53,True
8,8,16,16,28,56,64,64,3,3,0.087533,inf,0.135807,0.205718,0.210718,-78.30,True
8,8,16,16,28,56,128,128,3,3,0.350133,inf,0.543226,0.411437,0.548226,-72.62,True
8,8,16,16,28,56,256,256,3,3,1.400533,inf,2.172905,0.822874,2.177905,-64.60,True
8,8,16,16,28,28,64,64,3,3,0.043767,inf,0.077604,0.102859,0.107859,-86.65,True
8,8,16,16,28,28,128,128,3,3,0.175067,inf,0.310415,0.205718,0.315415,-83.78,True
8,8,16,16,28,28,256,256,3,3,0.700266,inf,1.241660,0.411437,1.246660,-76.46,True
16,16,4,4,224,224,64,64,3,3,0.268071,inf,5.082466,2.880057,5.087466,-26.58,True
16,16,4,4,224,224,128,128,3,3,1.072283,inf,20.329865,5.760115,20.334865,-32.42,True
16,16,4,4,224,224,256,256,3,3,4.289132,inf,81.319461,11.520230,81.324461,-60.76,True
16,16,4,4,224,112,64,64,3,3,0.134035,inf,2.541233,1.440029,2.546233,-5.20,True
16,16,4,4,224,112,128,128,3,3,0.536141,inf,10.164933,2.880057,10.169933,-20.21,True
16,16,4,4,224,112,256,256,3,3,2.144566,inf,40.659730,5.760115,40.664730,-49.86,True
16,16,4,4,224,56,64,64,3,3,0.067018,inf,1.452133,0.720014,1.457133,-0.94,True
16,16,4,4,224,56,128,128,3,3,0.268071,inf,5.808533,1.440029,5.813533,1.49,True
16,16,4,4,224,56,256,256,3,3,1.072283,inf,23.234132,2.880057,23.239132,-25.04,True
16,16,4,4,224,28,64,64,3,3,0.033509,inf,0.726067,0.360007,0.731067,-17.21,True
16,16,4,4,224,28,128,128,3,3,0.134035,inf,2.904266,0.720014,2.909266,1.87,True
16,16,4,4,224,28,256,256,3,3,0.536141,inf,11.617066,1.440029,11.622066,3.98,True
16,16,4,4,112,224,64,64,3,3,0.134035,inf,2.541233,1.440029,2.546233,-5.45,True
16,16,4,4,112,224,128,128,3,3,0.536141,inf,10.164933,2.880057,10.169933,-19.74,True
16,16,4,4,112,224,256,256,3,3,2.144566,inf,40.659730,5.760115,40.664730,-49.96,True
16,16,4,4,112,112,64,64,3,3,0.067018,inf,1.270617,0.720014,1.275617,-9.34,True
16,16,4,4,112,112,128,128,3,3,0.268071,inf,5.082466,1.440029,5.087466,5.92,True
16,16,4,4,112,112,256,256,3,3,1.072283,inf,20.329865,2.880057,20.334865,-18.86,True
16,16,4,4,112,56,64,64,3,3,0.033509,inf,0.726067,0.360007,0.731067,-19.75,True
16,16,4,4,112,56,128,128,3,3,0.134035,inf,2.904266,0.720014,2.909266,2.01,True
16,16,4,4,112,56,256,256,3,3,0.536141,inf,11.617066,1.440029,11.622066,3.96,True
16,16,4,4,112,28,64,64,3,3,0.016754,inf,0.363033,0.180004,0.368033,-18.21,True
16,16,4,4,112,28,128,128,3,3,0.067018,inf,1.452133,0.360007,1.457133,-17.07,True
16,16,4,4,112,28,256,256,3,3,0.268071,inf,5.808533,0.720014,5.813533,3.57,True
16,16,4,4,56,224,64,64,3,3,0.067018,inf,1.452133,0.720014,1.457133,-1.21,True
16,16,4,4,56,224,128,128,3,3,0.268071,inf,5.808533,1.440029,5.813533,2.28,True
16,16,4,4,56,224,256,256,3,3,1.072283,inf,23.234132,2.880057,23.239132,-25.33,True
16,16,4,4,56,112,64,64,3,3,0.033509,inf,0.726067,0.360007,0.731067,-25.17,True
16,16,4,4,56,112,128,128,3,3,0.134035,inf,2.904266,0.720014,2.909266,1.94,True
16,16,4,4,56,112,256,256,3,3,0.536141,inf,11.617066,1.440029,11.622066,4.33,True
16,16,4,4,56,56,64,64,3,3,0.016754,inf,0.414895,0.180004,0.419895,-19.71,True
16,16,4,4,56,56,128,128,3,3,0.067018,inf,1.659581,0.360007,1.664581,-11.55,True
16,16,4,4,56,56,256,256,3,3,0.268071,inf,6.638323,0.720014,6.643323,-8.05,True
16,16,4,4,56,28,64,64,3,3,0.008377,inf,0.207448,0.090002,0.212448,-44.09,True
16,16,4,4,56,28,128,128,3,3,0.033509,inf,0.829790,0.180004,0.834790,-14.90,True
16,16,4,4,56,28,256,256,3,3,0.134035,inf,3.319162,0.360007,3.324162,-10.52,True
16,16,4,4,28,224,64,64,3,3,0.033509,inf,0.726067,0.360007,0.731067,-19.04,True
16,16,4,4,28,224,128,128,3,3,0.134035,inf,2.904266,0.720014,2.909266,1.69,True
16,16,4,4,28,224,256,256,3,3,0.536141,inf,11.617066,1.440029,11.622066,4.19,True
16,16,4,4,28,112,64,64,3,3,0.016754,inf,0.363033,0.180004,0.368033,-19.82,True
16,16,4,4,28,112,128,128,3,3,0.067018,inf,1.452133,0.360007,1.457133,-21.19,True
16,16,4,4,28,112,256,256,3,3,0.268071,inf,5.808533,0.720014,5.813533,3.02,True
16,16,4,4,28,56,64,64,3,3,0.008377,inf,0.207448,0.090002,0.212448,-43.95,True
16,16,4,4,28,56,128,128,3,3,0.033509,inf,0.829790,0.180004,0.834790,-14.56,True
16,16,4,4,28,56,256,256,3,3,0.134035,inf,3.319162,0.360007,3.324162,-10.25,True
16,16,4,4,28,28,64,64,3,3,0.004189,inf,0.103724,0.045001,0.108724,-67.05,True
16,16,4,4,28,28,128,128,3,3,0.016754,inf,0.414895,0.090002,0.419895,-40.19,True
16,16,4,4,28,28,256,256,3,3,0.067018,inf,1.659581,0.180004,1.664581,-11.36,True
16,16,4,8,224,224,64,64,3,3,0.536141,inf,5.082466,2.880057,5.087466,-26.03,True
16,16,4,8,224,224,128,128,3,3,2.144566,inf,20.329865,5.760115,20.334865,-22.06,True
16,16,4,8,224,224,256,256,3,3,8.578263,inf,81.319461,11.520230,81.324461,-30.00,True
16,16,4,8,224,112,64,64,3,3,0.268071,inf,2.541233,1.440029,2.546233,-18.21,True
16,16,4,8,224,112,128,128,3,3,1.072283,inf,10.164933,2.880057,10.169933,-17.30,True
16,16,4,8,224,112,256,256,3,3,4.289132,inf,40.659730,5.760115,40.664730,-25.97,True
16,16,4,8,224,56,64,64,3,3,0.134035,inf,1.452133,0.720014,1.457133,-20.38,True
16,16,4,8,224,56,128,128,3,3,0.536141,inf,5.808533,1.440029,5.813533,-18.04,True
16,16,4,8,224,56,256,256,3,3,2.144566,inf,23.234132,2.880057,23.239132,-19.58,True
16,16,4,8,224,28,64,64,3,3,0.067018,inf,0.726067,0.360007,0.731067,-35.93,True
16,16,4,8,224,28,128,128,3,3,0.268071,inf,2.904266,0.720014,2.909266,-18.28,True
16,16,4,8,224,28,256,256,3,3,1.072283,inf,11.617066,1.440029,11.622066,-16.47,True
16,16,4,8,112,224,64,64,3,3,0.268071,inf,2.541233,1.440029,2.546233,-18.23,True
16,16,4,8,112,224,128,128,3,3,1.072283,inf,10.164933,2.880057,10.169933,-17.38,True
16,16,4,8,112,224,256,256,3,3,4.289132,inf,40.659730,5.760115,40.664730,-25.65,True
16,16,4,8,112,112,64,64,3,3,0.134035,inf,1.270617,0.720014,1.275617,-29.68,True
16,16,4,8,112,112,128,128,3,3,0.536141,inf,5.082466,1.440029,5.087466,-14.57,True
16,16,4,8,112,112,256,256,3,3,2.144566,inf,20.329865,2.880057,20.334865,-19.48,True
16,16,4,8,112,56,64,64,3,3,0.067018,inf,0.726067,0.360007,0.731067,-37.68,True
16,16,4,8,112,56,128,128,3,3,0.268071,inf,2.904266,0.720014,2.909266,-18.37,True
16,16,4,8,112,56,256,256,3,3,1.072283,inf,11.617066,1.440029,11.622066,-16.80,True
16,16,4,8,112,28,64,64,3,3,0.033509,inf,0.363033,0.180004,0.368033,-30.69,True
16,16,4,8,112,28,128,128,3,3,0.134035,inf,1.452133,0.360007,1.457133,-32.10,True
16,16,4,8,112,28,256,256,3,3,0.536141,inf,5.808533,0.720014,5.813533,-17.02,True
16,16,4,8,56,224,64,64,3,3,0.134035,inf,1.452133,0.720014,1.457133,-20.46,True
16,16,4,8,56,224,128,128,3,3,0.536141,inf,5.808533,1.440029,5.813533,-18.29,True
16,16,4,8,56,224,256,256,3,3,2.144566,inf,23.234132,2.880057,23.239132,-20.13,True
16,16,4,8,56,112,64,64,3,3,0.067018,inf,0.726067,0.360007,0.731067,-39.03,True
16,16,4,8,56,112,128,128,3,3,0.268071,inf,2.904266,0.720014,2.909266,-18.16,True
16,16,4,8,56,112,256,256,3,3,1.072283,inf,11.617066,1.440029,11.622066,-16.88,True
16,16,4,8,56,56,64,64,3,3,0.033509,inf,0.414895,0.180004,0.419895,-35.40,True
16,16,4,8,56,56,128,128,3,3,0.134035,inf,1.659581,0.360007,1.664581,-29.94,True
16,16,4,8,56,56,256,256,3,3,0.536141,inf,6.638323,0.720014,6.643323,-24.82,True
16,16,4,8,56,28,64,64,3,3,0.016754,inf,0.207448,0.090002,0.212448,-47.80,True
16,16,4,8,56,28,128,128,3,3,0.067018,inf,0.829790,0.180004,0.834790,-32.35,True
16,16,4,8,56,28,256,256,3,3,0.268071,inf,3.319162,0.360007,3.324162,-28.88,True
16,16,4,8,28,224,64,64,3,3,0.067018,inf,0.726067,0.360007,0.731067,-37.19,True
16,16,4,8,28,224,128,128,3,3,0.268071,inf,2.904266,0.720014,2.909266,-18.46,True
16,16,4,8,28,224,256,256,3,3,1.072283,inf,11.617066,1.440029,11.622066,-16.83,True
16,16,4,8,28,112,64,64,3,3,0.033509,inf,0.363033,0.180004,0.368033,-31.72,True
16,16,4,8,28,112,128,128,3,3,0.134035,inf,1.452133,0.360007,1.457133,-35.30,True
16,16,4,8,28,112,256,256,3,3,0.536141,inf,5.808533,0.720014,5.813533,-17.26,True
16,16,4,8,28,56,64,64,3,3,0.016754,inf,0.207448,0.090002,0.212448,-47.54,True
16,16,4,8,28,56,128,128,3,3,0.067018,inf,0.829790,0.180004,0.834790,-32.30,True
16,16,4,8,28,56,256,256,3,3,0.268071,inf,3.319162,0.360007,3.324162,-28.74,True
16,16,4,8,28,28,64,64,3,3,0.008377,inf,0.103724,0.045001,0.108724,-65.59,True
16,16,4,8,28,28,128,128,3,3,0.033509,inf,0.414895,0.090002,0.419895,-43.56,True
16,16,4,8,28,28,256,256,3,3,0.134035,inf,1.659581,0.180004,1.664581,-30.53,True
16,16,4,16,224,224,64,64,3,3,2.144566,inf,10.164933,5.760115,10.169933,-9.58,True
16,16,4,16,224,224,128,128,3,3,8.578263,inf,40.659730,11.520230,40.664730,1.49,True
16,16,4,16,224,224,256,256,3,3,34.313054,inf,162.638922,23.040459,162.643922,3.01,True
16,16,4,16,224,112,64,64,3,3,1.072283,inf,5.082466,2.880057,5.087466,-0.62,True
16,16,4,16,224,112,128,128,3,3,4.289132,inf,20.329865,5.760115,20.334865,1.54,True
16,16,4,16,224,112,256,256,3,3,17.156527,inf,81.319461,11.520230,81.324461,2.39,True
16,16,4,16,224,56,64,64,3,3,0.536141,inf,2.904266,1.440029,2.909266,-4.99,True
16,16,4,16,224,56,128,128,3,3,2.144566,inf,11.617066,2.880057,11.622066,-2.97,True
16,16,4,16,224,56,256,256,3,3,8.578263,inf,46.468263,5.760115,46.473263,1.58,True
16,16,4,16,224,28,64,64,3,3,0.268071,inf,1.452133,0.720014,1.457133,-23.43,True
16,16,4,16,224,28,128,128,3,3,1.072283,inf,5.808533,1.440029,5.813533,-3.38,True
16,16,4,16,224,28,256,256,3,3,4.289132,inf,23.234132,2.880057,23.239132,-2.34,True
16,16,4,16,112,224,64,64,3,3,1.072283,inf,5.082466,2.880057,5.087466,-0.46,True
16,16,4,16,112,224,128,128,3,3,4.289132,inf,20.329865,5.760115,20.334865,1.64,True
16,16,4,16,112,224,256,256,3,3,17.156527,inf,81.319461,11.520230,81.324461,2.32,True
16,16,4,16,112,112,64,64,3,3,0.536141,inf,2.541233,1.440029,2.546233,-16.54,True
16,16,4,16,112,112,128,128,3,3,2.144566,inf,10.164933,2.880057,10.169933,1.01,True
16,16,4,16,112,112,256,256,3,3,8.578263,inf,40.659730,5.760115,40.664730,2.30,True
16,16,4,16,112,56,64,64,3,3,0.268071,inf,1.452133,0.720014,1.457133,-20.76,True
16,16,4,16,112,56,128,128,3,3,1.072283,inf,5.808533,1.440029,5.813533,-3.89,True
16,16,4,16,112,56,256,256,3,3,4.289132,inf,23.234132,2.880057,23.239132,-2.23,True
16,16,4,16,112,28,64,64,3,3,0.134035,inf,0.726067,0.360007,0.731067,-13.99,True
16,16,4,16,112,28,128,128,3,3,0.536141,inf,2.904266,0.720014,2.909266,-23.42,True
16,16,4,16,112,28,256,256,3,3,2.144566,inf,11.617066,1.440029,11.622066,-2.66,True
16,16,4,16,56,224,64,64,3,3,0.536141,inf,2.904266,1.440029,2.909266,-5.39,True
16,16,4,16,56,224,128,128,3,3,2.144566,inf,11.617066,2.880057,11.622066,-2.89,True
16,16,4,16,56,224,256,256,3,3,8.578263,inf,46.468263,5.760115,46.473263,1.06,True
16,16,4,16,56,112,64,64,3,3,0.268071,inf,1.452133,0.720014,1.457133,-26.56,True
16,16,4,16,56,112,128,128,3,3,1.072283,inf,5.808533,1.440029,5.813533,-3.81,True
16,16,4,16,56,112,256,256,3,3,4.289132,inf,23.234132,2.880057,23.239132,-2.34,True
16,16,4,16,56,56,64,64,3,3,0.134035,inf,0.829790,0.360007,0.834790,-21.62,True
16,16,4,16,56,56,128,128,3,3,0.536141,inf,3.319162,0.720014,3.324162,-17.25,True
16,16,4,16,56,56,256,256,3,3,2.144566,inf,13.276647,1.440029,13.281647,-9.72,True
16,16,4,16,56,28,64,64,3,3,0.067018,inf,0.414895,0.180004,0.419895,-29.67,True
16,16,4,16,56,28,128,128,3,3,0.268071,inf,1.659581,0.360007,1.664581,-19.35,True
16,16,4,16,56,28,256,256,3,3,1.072283,inf,6.638323,0.720014,6.643323,-16.93,True
16,16,4,16,28,224,64,64,3,3,0.268071,inf,1.452133,0.720014,1.457133,-25.88,True
16,16,4,16,28,224,128,128,3,3,1.072283,inf,5.808533,1.440029,5.813533,-3.37,True
16,16,4,16,28,224,256,256,3,3,4.289132,inf,23.234132,2.880057,23.239132,-2.32,True
16,16,4,16,28,112,64,64,3,3,0.134035,inf,0.726067,0.360007,0.731067,-14.09,True
16,16,4,16,28,112,128,128,3,3,0.536141,inf,2.904266,0.720014,2.909266,-27.03,True
16,16,4,16,28,112,256,256,3,3,2.144566,inf,11.617066,1.440029,11.622066,-2.68,True
16,16,4,16,28,56,64,64,3,3,0.067018,inf,0.414895,0.180004,0.419895,-29.67,True
16,16,4,16,28,56,128,128,3,3,0.268071,inf,1.659581,0.360007,1.664581,-19.20,True
16,16,4,16,28,56,256,256,3,3,1.072283,inf,6.638323,0.720014,6.643323,-16.55,True
16,16,4,16,28,28,64,64,3,3,0.033509,inf,0.207448,0.090002,0.212448,-45.94,True
16,16,4,16,28,28,128,128,3,3,0.134035,inf,0.829790,0.180004,0.834790,-25.86,True
16,16,4,16,28,28,256,256,3,3,0.536141,inf,3.319162,0.360007,3.324162,-17.70,True
16,16,8,4,224,224,64,64,3,3,0.268071,inf,2.541233,2.880057,2.885057,-58.35,True
16,16,8,4,224,224,128,128,3,3,1.072283,inf,10.164933,5.760115,10.169933,-65.71,True
16,16,8,4,224,224,256,256,3,3,4.289132,inf,40.659730,11.520230,40.664730,-80.56,True
16,16,8,4,224,112,64,64,3,3,0.134035,inf,1.270617,1.440029,1.445029,-51.94,True
16,16,8,4,224,112,128,128,3,3,0.536141,inf,5.082466,2.880057,5.087466,-59.79,True
16,16,8,4,224,112,256,256,3,3,2.144566,inf,20.329865,5.760115,20.334865,-75.41,True
16,16,8,4,224,56,64,64,3,3,0.067018,inf,0.726067,0.720014,0.731067,-61.62,True
16,16,8,4,224,56,128,128,3,3,0.268071,inf,2.904266,1.440029,2.909266,-49.56,True
16,16,8,4,224,56,256,256,3,3,1.072283,inf,11.617066,2.880057,11.622066,-61.52,True
16,16,8,4,224,28,64,64,3,3,0.033509,inf,0.363033,0.360007,0.368033,-56.75,True
16,16,8,4,224,28,128,128,3,3,0.134035,inf,1.452133,0.720014,1.457133,-60.70,True
16,16,8,4,224,28,256,256,3,3,0.536141,inf,5.808533,1.440029,5.813533,-48.21,True
16,16,8,4,112,224,64,64,3,3,0.134035,inf,1.270617,1.440029,1.445029,-51.85,True
16,16,8,4,112,224,128,128,3,3,0.536141,inf,5.082466,2.880057,5.087466,-59.62,True
16,16,8,4,112,224,256,256,3,3,2.144566,inf,20.329865,5.760115,20.334865,-75.42,True
16,16,8,4,112,112,64,64,3,3,0.067018,inf,0.635308,0.720014,0.725014,-58.59,True
16,16,8,4,112,112,128,128,3,3,0.268071,inf,2.541233,1.440029,2.546233,-55.22,True
16,16,8,4,112,112,256,256,3,3,1.072283,inf,10.164933,2.880057,10.169933,-56.54,True
16,16,8,4,112,56,64,64,3,3,0.033509,inf,0.363033,0.360007,0.368033,-56.65,True
16,16,8,4,112,56,128,128,3,3,0.134035,inf,1.452133,0.720014,1.457133,-61.05,True
16,16,8,4,112,56,256,256,3,3,0.536141,inf,5.808533,1.440029,5.813533,-48.72,True
16,16,8,4,112,28,64,64,3,3,0.016754,inf,0.181517,0.180004,0.186517,-74.09,True
16,16,8,4,112,28,128,128,3,3,0.067018,inf,0.726067,0.360007,0.731067,-54.98,True
16,16,8,4,112,28,256,256,3,3,0.268071,inf,2.904266,0.720014,2.909266,-60.99,True
16,16,8,4,56,224,64,64,3,3,0.067018,inf,0.726067,0.720014,0.731067,-62.04,True
16,16,8,4,56,224,128,128,3,3,0.268071,inf,2.904266,1.440029,2.909266,-49.70,True
16,16,8,4,56,224,256,256,3,3,1.072283,inf,11.617066,2.880057,11.622066,-61.83,True
16,16,8,4,56,112,64,64,3,3,0.033509,inf,0.363033,0.360007,0.368033,-56.60,True
16,16,8,4,56,112,128,128,3,3,0.134035,inf,1.452133,0.720014,1.457133,-61.10,True
16,16,8,4,56,112,256,256,3,3,0.536141,inf,5.808533,1.440029,5.813533,-48.46,True
16,16,8,4,56,56,64,64,3,3,0.016754,inf,0.207448,0.180004,0.212448,-69.87,True
16,16,8,4,56,56,128,128,3,3,0.067018,inf,0.829790,0.360007,0.834790,-55.83,True
16,16,8,4,56,56,256,256,3,3,0.268071,inf,3.319162,0.720014,3.324162,-54.82,True
16,16,8,4,56,28,64,64,3,3,0.008377,inf,0.103724,0.090002,0.108724,-82.26,True
16,16,8,4,56,28,128,128,3,3,0.033509,inf,0.414895,0.180004,0.419895,-68.92,True
16,16,8,4,56,28,256,256,3,3,0.134035,inf,1.659581,0.360007,1.664581,-54.90,True
16,16,8,4,28,224,64,64,3,3,0.033509,inf,0.363033,0.360007,0.368033,-56.60,True
16,16,8,4,28,224,128,128,3,3,0.134035,inf,1.452133,0.720014,1.457133,-61.39,True
16,16,8,4,28,224,256,256,3,3,0.536141,inf,5.808533,1.440029,5.813533,-48.20,True
16,16,8,4,28,112,64,64,3,3,0.016754,inf,0.181517,0.180004,0.186517,-74.17,True
16,16,8,4,28,112,128,128,3,3,0.067018,inf,0.726067,0.360007,0.731067,-55.23,True
16,16,8,4,28,112,256,256,3,3,0.268071,inf,2.904266,0.720014,2.909266,-61.06,True
16,16,8,4,28,56,64,64,3,3,0.008377,inf,0.103724,0.090002,0.108724,-81.82,True
16,16,8,4,28,56,128,128,3,3,0.033509,inf,0.414895,0.180004,0.419895,-68.94,True
16,16,8,4,28,56,256,256,3,3,0.134035,inf,1.659581,0.360007,1.664581,-55.01,True
16,16,8,4,28,28,64,64,3,3,0.004189,inf,0.051862,0.045001,0.056862,-90.44,True
16,16,8,4,28,28,128,128,3,3,0.016754,inf,0.207448,0.090002,0.212448,-81.73,True
16,16,8,4,28,28,256,256,3,3,0.067018,inf,0.829790,0.180004,0.834790,-68.27,True
16,16,8,8,224,224,64,64,3,3,0.536141,inf,2.541233,2.880057,2.885057,-58.24,True
16,16,8,8,224,224,128,128,3,3,2.144566,inf,10.164933,5.760115,10.169933,-59.65,True
16,16,8,8,224,224,256,256,3,3,8.578263,inf,40.659730,11.520230,40.664730,-65.74,True
16,16,8,8,224,112,64,64,3,3,0.268071,inf,1.270617,1.440029,1.445029,-59.18,True
16,16,8,8,224,112,128,128,3,3,1.072283,inf,5.082466,2.880057,5.087466,-58.92,True
16,16,8,8,224,112,256,256,3,3,4.289132,inf,20.329865,5.760115,20.334865,-63.11,True
16,16,8,8,224,56,64,64,3,3,0.134035,inf,0.726067,0.720014,0.731067,-66.71,True
16,16,8,8,224,56,128,128,3,3,0.536141,inf,2.904266,1.440029,2.909266,-59.45,True
16,16,8,8,224,56,256,256,3,3,2.144566,inf,11.617066,2.880057,11.622066,-60.46,True
16,16,8,8,224,28,64,64,3,3,0.067018,inf,0.363033,0.360007,0.368033,-63.23,True
16,16,8,8,224,28,128,128,3,3,0.268071,inf,1.452133,0.720014,1.457133,-66.37,True
16,16,8,8,224,28,256,256,3,3,1.072283,inf,5.808533,1.440029,5.813533,-58.58,True
16,16,8,8,112,224,64,64,3,3,0.268071,inf,1.270617,1.440029,1.445029,-58.89,True
16,16,8,8,112,224,128,128,3,3,1.072283,inf,5.082466,2.880057,5.087466,-58.87,True
16,16,8,8,112,224,256,256,3,3,4.289132,inf,20.329865,5.760115,20.334865,-63.10,True
16,16,8,8,112,112,64,64,3,3,0.134035,inf,0.635308,0.720014,0.725014,-67.01,True
16,16,8,8,112,112,128,128,3,3,0.536141,inf,2.541233,1.440029,2.546233,-64.16,True
16,16,8,8,112,112,256,256,3,3,2.144566,inf,10.164933,2.880057,10.169933,-59.60,True
16,16,8,8,112,56,64,64,3,3,0.067018,inf,0.363033,0.360007,0.368033,-63.38,True
16,16,8,8,112,56,128,128,3,3,0.268071,inf,1.452133,0.720014,1.457133,-68.25,True
16,16,8,8,112,56,256,256,3,3,1.072283,inf,5.808533,1.440029,5.813533,-58.62,True
16,16,8,8,112,28,64,64,3,3,0.033509,inf,0.181517,0.180004,0.186517,-75.62,True
16,16,8,8,112,28,128,128,3,3,0.134035,inf,0.726067,0.360007,0.731067,-62.00,True
16,16,8,8,112,28,256,256,3,3,0.536141,inf,2.904266,0.720014,2.909266,-67.15,True
16,16,8,8,56,224,64,64,3,3,0.134035,inf,0.726067,0.720014,0.731067,-69.46,True
16,16,8,8,56,224,128,128,3,3,0.536141,inf,2.904266,1.440029,2.909266,-59.35,True
16,16,8,8,56,224,256,256,3,3,2.144566,inf,11.617066,2.880057,11.622066,-60.73,True
16,16,8,8,56,112,64,64,3,3,0.067018,inf,0.363033,0.360007,0.368033,-63.31,True
16,16,8,8,56,112,128,128,3,3,0.268071,inf,1.452133,0.720014,1.457133,-68.84,True
16,16,8,8,56,112,256,256,3,3,1.072283,inf,5.808533,1.440029,5.813533,-58.65,True
16,16,8,8,56,56,64,64,3,3,0.033509,inf,0.207448,0.180004,0.212448,-71.79,True
16,16,8,8,56,56,128,128,3,3,0.134035,inf,0.829790,0.360007,0.834790,-65.23,True
16,16,8,8,56,56,256,256,3,3,0.536141,inf,3.319162,0.720014,3.324162,-64.25,True
16,16,8,8,56,28,64,64,3,3,0.016754,inf,0.103724,0.090002,0.108724,-81.09,True
16,16,8,8,56,28,128,128,3,3,0.067018,inf,0.414895,0.180004,0.419895,-70.72,True
16,16,8,8,56,28,256,256,3,3,0.268071,inf,1.659581,0.360007,1.664581,-64.67,True
16,16,8,8,28,224,64,64,3,3,0.067018,inf,0.363033,0.360007,0.368033,-63.34,True
16,16,8,8,28,224,128,128,3,3,0.268071,inf,1.452133,0.720014,1.457133,-65.93,True
16,16,8,8,28,224,256,256,3,3,1.072283,inf,5.808533,1.440029,5.813533,-58.50,True
16,16,8,8,28,112,64,64,3,3,0.033509,inf,0.181517,0.180004,0.186517,-75.59,True
16,16,8,8,28,112,128,128,3,3,0.134035,inf,0.726067,0.360007,0.731067,-62.18,True
16,16,8,8,28,112,256,256,3,3,0.536141,inf,2.904266,0.720014,2.909266,-68.66,True
16,16,8,8,28,56,64,64,3,3,0.016754,inf,0.103724,0.090002,0.108724,-81.09,True
16,16,8,8,28,56,128,128,3,3,0.067018,inf,0.414895,0.180004,0.419895,-70.68,True
16,16,8,8,28,56,256,256,3,3,0.268071,inf,1.659581,0.360007,1.664581,-64.68,True
16,16,8,8,28,28,64,64,3,3,0.008377,inf,0.051862,0.045001,0.056862,-90.11,True
16,16,8,8,28,28,128,128,3,3,0.033509,inf,0.207448,0.090002,0.212448,-80.60,True
16,16,8,8,28,28,256,256,3,3,0.134035,inf,0.829790,0.180004,0.834790,-70.21,True
16,16,8,16,224,224,64,64,3,3,2.144566,inf,5.082466,5.760115,5.765115,-48.75,True
16,16,8,16,224,224,128,128,3,3,8.578263,inf,20.329865,11.520230,20.334865,-49.20,True
16,16,8,16,224,224,256,256,3,3,34.313054,inf,81.319461,23.040459,81.324461,-48.80,True
16,16,8,16,224,112,64,64,3,3,1.072283,inf,2.541233,2.880057,2.885057,-51.43,True
16,16,8,16,224,112,128,128,3,3,4.289132,inf,10.164933,5.760115,10.169933,-49.28,True
16,16,8,16,224,112,256,256,3,3,17.156527,inf,40.659730,11.520230,40.664730,-48.90,True
16,16,8,16,224,56,64,64,3,3,0.536141,inf,1.452133,1.440029,1.457133,-59.55,True
16,16,8,16,224,56,128,128,3,3,2.144566,inf,5.808533,2.880057,5.813533,-51.51,True
16,16,8,16,224,56,256,256,3,3,8.578263,inf,23.234132,5.760115,23.239132,-50.85,True
16,16,8,16,224,28,64,64,3,3,0.268071,inf,0.726067,0.720014,0.731067,-55.37,True
16,16,8,16,224,28,128,128,3,3,1.072283,inf,2.904266,1.440029,2.909266,-61.17,True
16,16,8,16,224,28,256,256,3,3,4.289132,inf,11.617066,2.880057,11.622066,-51.19,True
16,16,8,16,112,224,64,64,3,3,1.072283,inf,2.541233,2.880057,2.885057,-51.29,True
16,16,8,16,112,224,128,128,3,3,4.289132,inf,10.164933,5.760115,10.169933,-49.26,True
16,16,8,16,112,224,256,256,3,3,17.156527,inf,40.659730,11.520230,40.664730,-48.89,True
16,16,8,16,112,112,64,64,3,3,0.536141,inf,1.270617,1.440029,1.445029,-60.67,True
16,16,8,16,112,112,128,128,3,3,2.144566,inf,5.082466,2.880057,5.087466,-57.60,True
16,16,8,16,112,112,256,256,3,3,8.578263,inf,20.329865,5.760115,20.334865,-48.95,True
16,16,8,16,112,56,64,64,3,3,0.268071,inf,0.726067,0.720014,0.731067,-55.31,True
16,16,8,16,112,56,128,128,3,3,1.072283,inf,2.904266,1.440029,2.909266,-59.68,True
16,16,8,16,112,56,256,256,3,3,4.289132,inf,11.617066,2.880057,11.622066,-51.28,True
16,16,8,16,112,28,64,64,3,3,0.134035,inf,0.363033,0.360007,0.368033,-67.46,True
16,16,8,16,112,28,128,128,3,3,0.536141,inf,1.452133,0.720014,1.457133,-54.48,True
16,16,8,16,112,28,256,256,3,3,2.144566,inf,5.808533,1.440029,5.813533,-62.56,True
16,16,8,16,56,224,64,64,3,3,0.536141,inf,1.452133,1.440029,1.457133,-63.83,True
16,16,8,16,56,224,128,128,3,3,2.144566,inf,5.808533,2.880057,5.813533,-51.63,True
16,16,8,16,56,224,256,256,3,3,8.578263,inf,23.234132,5.760115,23.239132,-50.88,True
16,16,8,16,56,112,64,64,3,3,0.268071,inf,0.726067,0.720014,0.731067,-55.37,True
16,16,8,16,56,112,128,128,3,3,1.072283,inf,2.904266,1.440029,2.909266,-63.70,True
16,16,8,16,56,112,256,256,3,3,4.289132,inf,11.617066,2.880057,11.622066,-51.21,True
16,16,8,16,56,56,64,64,3,3,0.134035,inf,0.414895,0.360007,0.419895,-63.04,True
16,16,8,16,56,56,128,128,3,3,0.536141,inf,1.659581,0.720014,1.664581,-59.00,True
16,16,8,16,56,56,256,256,3,3,2.144566,inf,6.638323,1.440029,6.643323,-58.23,True
16,16,8,16,56,28,64,64,3,3,0.067018,inf,0.207448,0.180004,0.212448,-71.13,True
16,16,8,16,56,28,128,128,3,3,0.268071,inf,0.829790,0.360007,0.834790,-61.90,True
16,16,8,16,56,28,256,256,3,3,1.072283,inf,3.319162,0.720014,3.324162,-58.62,True
16,16,8,16,28,224,64,64,3,3,0.268071,inf,0.726067,0.720014,0.731067,-55.29,True
16,16,8,16,28,224,128,128,3,3,1.072283,inf,2.904266,1.440029,2.909266,-61.62,True
16,16,8,16,28,224,256,256,3,3,4.289132,inf,11.617066,2.880057,11.622066,-51.27,True
16,16,8,16,28,112,64,64,3,3,0.134035,inf,0.363033,0.360007,0.368033,-67.37,True
16,16,8,16,28,112,128,128,3,3,0.536141,inf,1.452133,0.720014,1.457133,-54.55,True
16,16,8,16,28,112,256,256,3,3,2.144566,inf,5.808533,1.440029,5.813533,-63.41,True
16,16,8,16,28,56,64,64,3,3,0.067018,inf,0.207448,0.180004,0.212448,-70.86,True
16,16,8,16,28,56,128,128,3,3,0.268071,inf,0.829790,0.360007,0.834790,-61.90,True
16,16,8,16,28,56,256,256,3,3,1.072283,inf,3.319162,0.720014,3.324162,-58.60,True
16,16,8,16,28,28,64,64,3,3,0.033509,inf,0.103724,0.090002,0.108724,-85.04,True
16,16,8,16,28,28,128,128,3,3,0.134035,inf,0.414895,0.180004,0.419895,-70.05,True
16,16,8,16,28,28,256,256,3,3,0.536141,inf,1.659581,0.360007,1.664581,-61.34,True
16,16,16,4,224,224,64,64,3,3,0.268071,inf,1.270617,2.880057,2.885057,-62.39,True
16,16,16,4,224,224,128,128,3,3,1.072283,inf,5.082466,5.760115,5.765115,-80.70,True
16,16,16,4,224,224,256,256,3,3,4.289132,inf,20.329865,11.520230,20.334865,-90.30,True
16,16,16,4,224,112,64,64,3,3,0.134035,inf,0.635308,1.440029,1.445029,-60.32,True
16,16,16,4,224,112,128,128,3,3,0.536141,inf,2.541233,2.880057,2.885057,-78.88,True
16,16,16,4,224,112,256,256,3,3,2.144566,inf,10.164933,5.760115,10.169933,-87.77,True
16,16,16,4,224,56,64,64,3,3,0.067018,inf,0.363033,0.720014,0.725014,-56.17,True
16,16,16,4,224,56,128,128,3,3,0.268071,inf,1.452133,1.440029,1.457133,-80.49,True
16,16,16,4,224,56,256,256,3,3,1.072283,inf,5.808533,2.880057,5.813533,-79.89,True
16,16,16,4,224,28,64,64,3,3,0.033509,inf,0.181517,0.360007,0.365007,-73.61,True
16,16,16,4,224,28,128,128,3,3,0.134035,inf,0.726067,0.720014,0.731067,-77.16,True
16,16,16,4,224,28,256,256,3,3,0.536141,inf,2.904266,1.440029,2.909266,-80.56,True
16,16,16,4,112,224,64,64,3,3,0.134035,inf,0.635308,1.440029,1.445029,-60.32,True
16,16,16,4,112,224,128,128,3,3,0.536141,inf,2.541233,2.880057,2.885057,-78.69,True
16,16,16,4,112,224,256,256,3,3,2.144566,inf,10.164933,5.760115,10.169933,-87.74,True
16,16,16,4,112,112,64,64,3,3,0.067018,inf,0.317654,0.720014,0.725014,-56.77,True
16,16,16,4,112,112,128,128,3,3,0.268071,inf,1.270617,1.440029,1.445029,-79.50,True
16,16,16,4,112,112,256,256,3,3,1.072283,inf,5.082466,2.880057,5.087466,-78.85,True
16,16,16,4,112,56,64,64,3,3,0.033509,inf,0.181517,0.360007,0.365007,-73.78,True
16,16,16,4,112,56,128,128,3,3,0.134035,inf,0.726067,0.720014,0.731067,-77.22,True
16,16,16,4,112,56,256,256,3,3,0.536141,inf,2.904266,1.440029,2.909266,-80.66,True
16,16,16,4,112,28,64,64,3,3,0.016754,inf,0.090758,0.180004,0.185004,-84.34,True
16,16,16,4,112,28,128,128,3,3,0.067018,inf,0.363033,0.360007,0.368033,-86.42,True
16,16,16,4,112,28,256,256,3,3,0.268071,inf,1.452133,0.720014,1.457133,-76.97,True
16,16,16,4,56,224,64,64,3,3,0.067018,inf,0.363033,0.720014,0.725014,-56.40,True
16,16,16,4,56,224,128,128,3,3,0.268071,inf,1.452133,1.440029,1.457133,-80.68,True
16,16,16,4,56,224,256,256,3,3,1.072283,inf,5.808533,2.880057,5.813533,-80.11,True
16,16,16,4,56,112,64,64,3,3,0.033509,inf,0.181517,0.360007,0.365007,-73.63,True
16,16,16,4,56,112,128,128,3,3,0.134035,inf,0.726067,0.720014,0.731067,-77.15,True
16,16,16,4,56,112,256,256,3,3,0.536141,inf,2.904266,1.440029,2.909266,-80.50,True
16,16,16,4,56,56,64,64,3,3,0.016754,inf,0.103724,0.180004,0.185004,-84.07,True
16,16,16,4,56,56,128,128,3,3,0.067018,inf,0.414895,0.360007,0.419895,-84.08,True
16,16,16,4,56,56,256,256,3,3,0.268071,inf,1.659581,0.720014,1.664581,-77.33,True
16,16,16,4,56,28,64,64,3,3,0.008377,inf,0.051862,0.090002,0.095002,-91.84,True
16,16,16,4,56,28,128,128,3,3,0.033509,inf,0.207448,0.180004,0.212448,-90.68,True
16,16,16,4,56,28,256,256,3,3,0.134035,inf,0.829790,0.360007,0.834790,-83.94,True
16,16,16,4,28,224,64,64,3,3,0.033509,inf,0.181517,0.360007,0.365007,-73.70,True
16,16,16,4,28,224,128,128,3,3,0.134035,inf,0.726067,0.720014,0.731067,-77.19,True
16,16,16,4,28,224,256,256,3,3,0.536141,inf,2.904266,1.440029,2.909266,-80.46,True
16,16,16,4,28,112,64,64,3,3,0.016754,inf,0.090758,0.180004,0.185004,-83.79,True
16,16,16,4,28,112,128,128,3,3,0.067018,inf,0.363033,0.360007,0.368033,-86.48,True
16,16,16,4,28,112,256,256,3,3,0.268071,inf,1.452133,0.720014,1.457133,-77.04,True
16,16,16,4,28,56,64,64,3,3,0.008377,inf,0.051862,0.090002,0.095002,-91.70,True
16,16,16,4,28,56,128,128,3,3,0.033509,inf,0.207448,0.180004,0.212448,-90.64,True
16,16,16,4,28,56,256,256,3,3,0.134035,inf,0.829790,0.360007,0.834790,-83.95,True
16,16,16,4,28,28,64,64,3,3,0.004189,inf,0.025931,0.045001,0.050001,-95.60,True
16,16,16,4,28,28,128,128,3,3,0.016754,inf,0.103724,0.090002,0.108724,-95.23,True
16,16,16,4,28,28,256,256,3,3,0.067018,inf,0.414895,0.180004,0.419895,-90.44,True
16,16,16,8,224,224,64,64,3,3,0.536141,inf,1.270617,2.880057,2.885057,-63.81,True
16,16,16,8,224,224,128,128,3,3,2.144566,inf,5.082466,5.760115,5.765115,-77.38,True
16,16,16,8,224,224,256,256,3,3,8.578263,inf,20.329865,11.520230,20.334865,-83.04,True
16,16,16,8,224,112,64,64,3,3,0.268071,inf,0.635308,1.440029,1.445029,-63.34,True
16,16,16,8,224,112,128,128,3,3,1.072283,inf,2.541233,2.880057,2.885057,-79.52,True
16,16,16,8,224,112,256,256,3,3,4.289132,inf,10.164933,5.760115,10.169933,-81.62,True
16,16,16,8,224,56,64,64,3,3,0.134035,inf,0.363033,0.720014,0.725014,-62.82,True
16,16,16,8,224,56,128,128,3,3,0.536141,inf,1.452133,1.440029,1.457133,-83.24,True
16,16,16,8,224,56,256,256,3,3,2.144566,inf,5.808533,2.880057,5.813533,-80.21,True
16,16,16,8,224,28,64,64,3,3,0.067018,inf,0.181517,0.360007,0.365007,-75.22,True
16,16,16,8,224,28,128,128,3,3,0.268071,inf,0.726067,0.720014,0.731067,-80.71,True
16,16,16,8,224,28,256,256,3,3,1.072283,inf,2.904266,1.440029,2.909266,-83.76,True
16,16,16,8,112,224,64,64,3,3,0.268071,inf,0.635308,1.440029,1.445029,-63.90,True
16,16,16,8,112,224,128,128,3,3,1.072283,inf,2.541233,2.880057,2.885057,-79.29,True
16,16,16,8,112,224,256,256,3,3,4.289132,inf,10.164933,5.760115,10.169933,-81.64,True
16,16,16,8,112,112,64,64,3,3,0.134035,inf,0.317654,0.720014,0.725014,-63.01,True
16,16,16,8,112,112,128,128,3,3,0.536141,inf,1.270617,1.440029,1.445029,-82.58,True
16,16,16,8,112,112,256,256,3,3,2.144566,inf,5.082466,2.880057,5.087466,-81.90,True
16,16,16,8,112,56,64,64,3,3,0.067018,inf,0.181517,0.360007,0.365007,-75.19,True
16,16,16,8,112,56,128,128,3,3,0.268071,inf,0.726067,0.720014,0.731067,-80.71,True
16,16,16,8,112,56,256,256,3,3,1.072283,inf,2.904266,1.440029,2.909266,-84.43,True
16,16,16,8,112,28,64,64,3,3,0.033509,inf,0.090758,0.180004,0.185004,-83.15,True
16,16,16,8,112,28,128,128,3,3,0.134035,inf,0.363033,0.360007,0.368033,-87.19,True
16,16,16,8,112,28,256,256,3,3,0.536141,inf,1.452133,0.720014,1.457133,-80.53,True
16,16,16,8,56,224,64,64,3,3,0.134035,inf,0.363033,0.720014,0.725014,-62.78,True
16,16,16,8,56,224,128,128,3,3,0.536141,inf,1.452133,1.440029,1.457133,-84.50,True
16,16,16,8,56,224,256,256,3,3,2.144566,inf,5.808533,2.880057,5.813533,-80.29,True
16,16,16,8,56,112,64,64,3,3,0.067018,inf,0.181517,0.360007,0.365007,-75.20,True
16,16,16,8,56,112,128,128,3,3,0.268071,inf,0.726067,0.720014,0.731067,-80.80,True
16,16,16,8,56,112,256,256,3,3,1.072283,inf,2.904266,1.440029,2.909266,-84.36,True
16,16,16,8,56,56,64,64,3,3,0.033509,inf,0.103724,0.180004,0.185004,-83.10,True
16,16,16,8,56,56,128,128,3,3,0.134035,inf,0.414895,0.360007,0.419895,-85.04,True
16,16,16,8,56,56,256,256,3,3,0.536141,inf,1.659581,0.720014,1.664581,-82.28,True
16,16,16,8,56,28,64,64,3,3,0.016754,inf,0.051862,0.090002,0.095002,-91.31,True
16,16,16,8,56,28,128,128,3,3,0.067018,inf,0.207448,0.180004,0.212448,-90.04,True
16,16,16,8,56,28,256,256,3,3,0.268071,inf,0.829790,0.360007,0.834790,-84.92,True
16,16,16,8,28,224,64,64,3,3,0.067018,inf,0.181517,0.360007,0.365007,-75.25,True
16,16,16,8,28,224,128,128,3,3,0.268071,inf,0.726067,0.720014,0.731067,-80.74,True
16,16,16,8,28,224,256,256,3,3,1.072283,inf,2.904266,1.440029,2.909266,-84.42,True
16,16,16,8,28,112,64,64,3,3,0.033509,inf,0.090758,0.180004,0.185004,-83.12,True
16,16,16,8,28,112,128,128,3,3,0.134035,inf,0.363033,0.360007,0.368033,-87.23,True
16,16,16,8,28,112,256,256,3,3,0.536141,inf,1.452133,0.720014,1.457133,-80.62,True
16,16,16,8,28,56,64,64,3,3,0.016754,inf,0.051862,0.090002,0.095002,-91.32,True
16,16,16,8,28,56,128,128,3,3,0.067018,inf,0.207448,0.180004,0.212448,-90.06,True
16,16,16,8,28,56,256,256,3,3,0.268071,inf,0.829790,0.360007,0.834790,-84.91,True
16,16,16,8,28,28,64,64,3,3,0.008377,inf,0.025931,0.045001,0.050001,-95.40,True
16,16,16,8,28,28,128,128,3,3,0.033509,inf,0.103724,0.090002,0.108724,-94.92,True
16,16,16,8,28,28,256,256,3,3,0.134035,inf,0.414895,0.180004,0.419895,-90.02,True
16,16,16,16,224,224,64,64,3,3,2.144566,inf,2.541233,5.760115,5.765115,-56.82,True
16,16,16,16,224,224,128,128,3,3,8.578263,inf,10.164933,11.520230,11.525230,-71.27,True
16,16,16,16,224,224,256,256,3,3,34.313054,inf,40.659730,23.040459,40.664730,-74.43,True
16,16,16,16,224,112,64,64,3,3,1.072283,inf,1.270617,2.880057,2.885057,-57.93,True
16,16,16,16,224,112,128,128,3,3,4.289132,inf,5.082466,5.760115,5.765115,-79.17,True
16,16,16,16,224,112,256,256,3,3,17.156527,inf,20.329865,11.520230,20.334865,-75.27,True
16,16,16,16,224,56,64,64,3,3,0.536141,inf,0.726067,1.440029,1.445029,-68.48,True
16,16,16,16,224,56,128,128,3,3,2.144566,inf,2.904266,2.880057,2.909266,-80.08,True
16,16,16,16,224,56,256,256,3,3,8.578263,inf,11.617066,5.760115,11.622066,-75.63,True
16,16,16,16,224,28,64,64,3,3,0.268071,inf,0.363033,0.720014,0.725014,-78.71,True
16,16,16,16,224,28,128,128,3,3,1.072283,inf,1.452133,1.440029,1.457133,-76.98,True
16,16,16,16,224,28,256,256,3,3,4.289132,inf,5.808533,2.880057,5.813533,-81.94,True
16,16,16,16,112,224,64,64,3,3,1.072283,inf,1.270617,2.880057,2.885057,-58.57,True
16,16,16,16,112,224,128,128,3,3,4.289132,inf,5.082466,5.760115,5.765115,-74.70,True
16,16,16,16,112,224,256,256,3,3,17.156527,inf,20.329865,11.520230,20.334865,-77.42,True
16,16,16,16,112,112,64,64,3,3,0.536141,inf,0.635308,1.440029,1.445029,-54.53,True
16,16,16,16,112,112,128,128,3,3,2.144566,inf,2.541233,2.880057,2.885057,-82.93,True
16,16,16,16,112,112,256,256,3,3,8.578263,inf,10.164933,5.760115,10.169933,-82.03,True
16,16,16,16,112,56,64,64,3,3,0.268071,inf,0.363033,0.720014,0.725014,-67.07,True
16,16,16,16,112,56,128,128,3,3,1.072283,inf,1.452133,1.440029,1.457133,-79.46,True
16,16,16,16,112,56,256,256,3,3,4.289132,inf,5.808533,2.880057,5.813533,-79.82,True
16,16,16,16,112,28,64,64,3,3,0.134035,inf,0.181517,0.360007,0.365007,-86.75,True
16,16,16,16,112,28,128,128,3,3,0.536141,inf,0.726067,0.720014,0.731067,-83.06,True
16,16,16,16,112,28,256,256,3,3,2.144566,inf,2.904266,1.440029,2.909266,-81.21,True
16,16,16,16,56,224,64,64,3,3,0.536141,inf,0.726067,1.440029,1.445029,-54.60,True
16,16,16,16,56,224,128,128,3,3,2.144566,inf,2.904266,2.880057,2.909266,-84.61,True
16,16,16,16,56,224,256,256,3,3,8.578263,inf,11.617066,5.760115,11.622066,-78.29,True
16,16,16,16,56,112,64,64,3,3,0.268071,inf,0.363033,0.720014,0.725014,-66.89,True
16,16,16,16,56,112,128,128,3,3,1.072283,inf,1.452133,1.440029,1.457133,-82.18,True
16,16,16,16,56,112,256,256,3,3,4.289132,inf,5.808533,2.880057,5.813533,-81.65,True
16,16,16,16,56,56,64,64,3,3,0.134035,inf,0.207448,0.360007,0.365007,-73.91,True
16,16,16,16,56,56,128,128,3,3,0.536141,inf,0.829790,0.720014,0.834790,-80.66,True
16,16,16,16,56,56,256,256,3,3,2.144566,inf,3.319162,1.440029,3.324162,-83.99,True
16,16,16,16,56,28,64,64,3,3,0.067018,inf,0.103724,0.180004,0.185004,-86.74,True
16,16,16,16,56,28,128,128,3,3,0.268071,inf,0.414895,0.360007,0.419895,-84.70,True
16,16,16,16,56,28,256,256,3,3,1.072283,inf,1.659581,0.720014,1.664581,-80.47,True
16,16,16,16,28,224,64,64,3,3,0.268071,inf,0.363033,0.720014,0.725014,-69.87,True
16,16,16,16,28,224,128,128,3,3,1.072283,inf,1.452133,1.440029,1.457133,-79.90,True
16,16,16,16,28,224,256,256,3,3,4.289132,inf,5.808533,2.880057,5.813533,-83.42,True
16,16,16,16,28,112,64,64,3,3,0.134035,inf,0.181517,0.360007,0.365007,-73.95,True
16,16,16,16,28,112,128,128,3,3,0.536141,inf,0.726067,0.720014,0.731067,-83.48,True
16,16,16,16,28,112,256,256,3,3,2.144566,inf,2.904266,1.440029,2.909266,-76.74,True
16,16,16,16,28,56,64,64,3,3,0.067018,inf,0.103724,0.180004,0.185004,-86.77,True
16,16,16,16,28,56,128,128,3,3,0.268071,inf,0.414895,0.360007,0.419895,-84.66,True
16,16,16,16,28,56,256,256,3,3,1.072283,inf,1.659581,0.720014,1.664581,-80.50,True
16,16,16,16,28,28,64,64,3,3,0.033509,inf,0.051862,0.090002,0.095002,-93.40,True
16,16,16,16,28,28,128,128,3,3,0.134035,inf,0.207448,0.180004,0.212448,-92.22,True
16,16,16,16,28,28,256,256,3,3,0.536141,inf,0.829790,0.360007,0.834790,-84.62,True
32,32,4,4,224,224,64,64,3,3,0.268071,inf,4.445250,2.880057,4.450250,-64.36,True
32,32,4,4,224,224,128,128,3,3,1.072283,inf,17.781001,5.760115,17.786001,-68.45,True
32,32,4,4,224,224,256,256,3,3,4.289132,inf,71.124003,11.520230,71.129003,-66.89,True
32,32,4,4,224,112,64,64,3,3,0.134035,inf,2.540143,1.440029,2.545143,-31.06,True
32,32,4,4,224,112,128,128,3,3,0.536141,inf,10.160572,2.880057,10.165572,-58.84,True
32,32,4,4,224,112,256,256,3,3,2.144566,inf,40.642287,5.760115,40.647287,-53.36,True
32,32,4,4,224,56,64,64,3,3,0.067018,inf,1.270071,0.720014,1.275071,-30.09,True
32,32,4,4,224,56,128,128,3,3,0.268071,inf,5.080286,1.440029,5.085286,-25.72,True
32,32,4,4,224,56,256,256,3,3,1.072283,inf,20.321144,2.880057,20.326144,-50.23,True
32,32,4,4,224,28,64,64,3,3,0.033509,inf,0.635036,0.360007,0.640036,-46.08,True
32,32,4,4,224,28,128,128,3,3,0.134035,inf,2.540143,0.720014,2.545143,-48.12,True
32,32,4,4,224,28,256,256,3,3,0.536141,inf,10.160572,1.440029,10.165572,-26.97,True
32,32,4,4,112,224,64,64,3,3,0.134035,inf,2.540143,1.440029,2.545143,-28.93,True
32,32,4,4,112,224,128,128,3,3,0.536141,inf,10.160572,2.880057,10.165572,-43.30,True
32,32,4,4,112,224,256,256,3,3,2.144566,inf,40.642287,5.760115,40.647287,-51.35,True
32,32,4,4,112,112,64,64,3,3,0.067018,inf,1.451510,0.720014,1.456510,-36.78,True
32,32,4,4,112,112,128,128,3,3,0.268071,inf,5.806041,1.440029,5.811041,-29.28,True
32,32,4,4,112,112,256,256,3,3,1.072283,inf,23.224164,2.880057,23.229164,-39.16,True
32,32,4,4,112,56,64,64,3,3,0.033509,inf,0.725755,0.360007,0.730755,-49.98,True
32,32,4,4,112,56,128,128,3,3,0.134035,inf,2.903021,0.720014,2.908021,-34.84,True
32,32,4,4,112,56,256,256,3,3,0.536141,inf,11.612082,1.440029,11.617082,-45.42,True
32,32,4,4,112,28,64,64,3,3,0.016754,inf,0.362878,0.180004,0.367878,-41.23,True
32,32,4,4,112,28,128,128,3,3,0.067018,inf,1.451510,0.360007,1.456510,-36.84,True
32,32,4,4,112,28,256,256,3,3,0.268071,inf,5.806041,0.720014,5.811041,-57.98,True
32,32,4,4,56,224,64,64,3,3,0.067018,inf,1.270071,0.720014,1.275071,-28.33,True
32,32,4,4,56,224,128,128,3,3,0.268071,inf,5.080286,1.440029,5.085286,-30.45,True
32,32,4,4,56,224,256,256,3,3,1.072283,inf,20.321144,2.880057,20.326144,-26.87,True
32,32,4,4,56,112,64,64,3,3,0.033509,inf,0.725755,0.360007,0.730755,-38.18,True
32,32,4,4,56,112,128,128,3,3,0.134035,inf,2.903021,0.720014,2.908021,-35.39,True
32,32,4,4,56,112,256,256,3,3,0.536141,inf,11.612082,1.440029,11.617082,-37.25,True
32,32,4,4,56,56,64,64,3,3,0.016754,inf,0.362878,0.180004,0.367878,-41.61,True
32,32,4,4,56,56,128,128,3,3,0.067018,inf,1.451510,0.360007,1.456510,-48.26,True
32,32,4,4,56,56,256,256,3,3,0.268071,inf,5.806041,0.720014,5.811041,-34.58,True
32,32,4,4,56,28,64,64,3,3,0.008377,inf,0.181439,0.090002,0.186439,-69.93,True
32,32,4,4,56,28,128,128,3,3,0.033509,inf,0.725755,0.180004,0.730755,-52.33,True
32,32,4,4,56,28,256,256,3,3,0.134035,inf,2.903021,0.360007,2.908021,-35.78,True
32,32,4,4,28,224,64,64,3,3,0.033509,inf,0.635036,0.360007,0.640036,-46.03,True
32,32,4,4,28,224,128,128,3,3,0.134035,inf,2.540143,0.720014,2.545143,-27.12,True
32,32,4,4,28,224,256,256,3,3,0.536141,inf,10.160572,1.440029,10.165572,-40.92,True
32,32,4,4,28,112,64,64,3,3,0.016754,inf,0.362878,0.180004,0.367878,-40.76,True
32,32,4,4,28,112,128,128,3,3,0.067018,inf,1.451510,0.360007,1.456510,-36.89,True
32,32,4,4,28,112,256,256,3,3,0.268071,inf,5.806041,0.720014,5.811041,-50.70,True
32,32,4,4,28,56,64,64,3,3,0.008377,inf,0.181439,0.090002,0.186439,-69.98,True
32,32,4,4,28,56,128,128,3,3,0.033509,inf,0.725755,0.180004,0.730755,-50.56,True
32,32,4,4,28,56,256,256,3,3,0.134035,inf,2.903021,0.360007,2.908021,-46.20,True
32,32,4,4,28,28,64,64,3,3,0.004189,inf,0.090719,0.045001,0.095719,-84.68,True
32,32,4,4,28,28,128,128,3,3,0.016754,inf,0.362878,0.090002,0.367878,-73.30,True
32,32,4,4,28,28,256,256,3,3,0.067018,inf,1.451510,0.180004,1.456510,-36.92,True
32,32,4,8,224,224,64,64,3,3,0.536141,inf,4.445250,2.880057,4.450250,-47.50,True
32,32,4,8,224,224,128,128,3,3,2.144566,inf,17.781001,5.760115,17.786001,-46.33,True
32,32,4,8,224,224,256,256,3,3,8.578263,inf,71.124003,11.520230,71.129003,-59.79,True
32,32,4,8,224,112,64,64,3,3,0.268071,inf,2.540143,1.440029,2.545143,-51.12,True
32,32,4,8,224,112,128,128,3,3,1.072283,inf,10.160572,2.880057,10.165572,-42.71,True
32,32,4,8,224,112,256,256,3,3,4.289132,inf,40.642287,5.760115,40.647287,-53.25,True
32,32,4,8,224,56,64,64,3,3,0.134035,inf,1.270071,0.720014,1.275071,-42.95,True
32,32,4,8,224,56,128,128,3,3,0.536141,inf,5.080286,1.440029,5.085286,-41.66,True
32,32,4,8,224,56,256,256,3,3,2.144566,inf,20.321144,2.880057,20.326144,-41.32,True
32,32,4,8,224,28,64,64,3,3,0.067018,inf,0.635036,0.360007,0.640036,-80.15,True
32,32,4,8,224,28,128,128,3,3,0.268071,inf,2.540143,0.720014,2.545143,-42.34,True
32,32,4,8,224,28,256,256,3,3,1.072283,inf,10.160572,1.440029,10.165572,-56.24,True
32,32,4,8,112,224,64,64,3,3,0.268071,inf,2.540143,1.440029,2.545143,-42.75,True
32,32,4,8,112,224,128,128,3,3,1.072283,inf,10.160572,2.880057,10.165572,-56.85,True
32,32,4,8,112,224,256,256,3,3,4.289132,inf,40.642287,5.760115,40.647287,-50.80,True
32,32,4,8,112,112,64,64,3,3,0.134035,inf,1.451510,0.720014,1.456510,-64.56,True
32,32,4,8,112,112,128,128,3,3,0.536141,inf,5.806041,1.440029,5.811041,-42.34,True
32,32,4,8,112,112,256,256,3,3,2.144566,inf,23.224164,2.880057,23.229164,-37.47,True
32,32,4,8,112,56,64,64,3,3,0.067018,inf,0.725755,0.360007,0.730755,-51.12,True
32,32,4,8,112,56,128,128,3,3,0.268071,inf,2.903021,0.720014,2.908021,-49.05,True
32,32,4,8,112,56,256,256,3,3,1.072283,inf,11.612082,1.440029,11.617082,-47.09,True
32,32,4,8,112,28,64,64,3,3,0.033509,inf,0.362878,0.180004,0.367878,-52.78,True
32,32,4,8,112,28,128,128,3,3,0.134035,inf,1.451510,0.360007,1.456510,-59.91,True
32,32,4,8,112,28,256,256,3,3,0.536141,inf,5.806041,0.720014,5.811041,-49.66,True
32,32,4,8,56,224,64,64,3,3,0.134035,inf,1.270071,0.720014,1.275071,-42.92,True
32,32,4,8,56,224,128,128,3,3,0.536141,inf,5.080286,1.440029,5.085286,-41.77,True
32,32,4,8,56,224,256,256,3,3,2.144566,inf,20.321144,2.880057,20.326144,-41.25,True
32,32,4,8,56,112,64,64,3,3,0.067018,inf,0.725755,0.360007,0.730755,-51.15,True
32,32,4,8,56,112,128,128,3,3,0.268071,inf,2.903021,0.720014,2.908021,-49.32,True
32,32,4,8,56,112,256,256,3,3,1.072283,inf,11.612082,1.440029,11.617082,-41.80,True
32,32,4,8,56,56,64,64,3,3,0.033509,inf,0.362878,0.180004,0.367878,-53.14,True
32,32,4,8,56,56,128,128,3,3,0.134035,inf,1.451510,0.360007,1.456510,-50.05,True
32,32,4,8,56,56,256,256,3,3,0.536141,inf,5.806041,0.720014,5.811041,-49.16,True
32,32,4,8,56,28,64,64,3,3,0.016754,inf,0.181439,0.090002,0.186439,-76.07,True
32,32,4,8,56,28,128,128,3,3,0.067018,inf,0.725755,0.180004,0.730755,-51.09,True
32,32,4,8,56,28,256,256,3,3,0.268071,inf,2.903021,0.360007,2.908021,-49.53,True
32,32,4,8,28,224,64,64,3,3,0.067018,inf,0.635036,0.360007,0.640036,-57.44,True
32,32,4,8,28,224,128,128,3,3,0.268071,inf,2.540143,0.720014,2.545143,-42.50,True
32,32,4,8,28,224,256,256,3,3,1.072283,inf,10.160572,1.440029,10.165572,-41.83,True
32,32,4,8,28,112,64,64,3,3,0.033509,inf,0.362878,0.180004,0.367878,-52.96,True
32,32,4,8,28,112,128,128,3,3,0.134035,inf,1.451510,0.360007,1.456510,-50.14,True
32,32,4,8,28,112,256,256,3,3,0.536141,inf,5.806041,0.720014,5.811041,-49.26,True
32,32,4,8,28,56,64,64,3,3,0.016754,inf,0.181439,0.090002,0.186439,-75.94,True
32,32,4,8,28,56,128,128,3,3,0.067018,inf,0.725755,0.180004,0.730755,-51.35,True
32,32,4,8,28,56,256,256,3,3,0.268071,inf,2.903021,0.360007,2.908021,-49.65,True
32,32,4,8,28,28,64,64,3,3,0.008377,inf,0.090719,0.045001,0.095719,-87.59,True
32,32,4,8,28,28,128,128,3,3,0.033509,inf,0.362878,0.090002,0.367878,-75.28,True
32,32,4,8,28,28,256,256,3,3,0.134035,inf,1.451510,0.180004,1.456510,-50.15,True
32,32,4,16,224,224,64,64,3,3,0.268071,29.504227,inf,inf,29.509227,-48.38,False
32,32,4,16,224,224,128,128,3,3,1.072283,118.016907,inf,inf,118.021907,-60.13,False
32,32,4,16,224,224,256,256,3,3,4.289132,472.067629,inf,inf,472.072629,-77.96,False
32,32,4,16,224,112,64,64,3,3,0.134035,14.752113,inf,inf,14.757113,40.76,False
32,32,4,16,224,112,128,128,3,3,0.536141,59.008454,inf,inf,59.013454,-29.17,False
32,32,4,16,224,112,256,256,3,3,2.144566,236.033814,inf,inf,236.038814,-69.11,False
32,32,4,16,224,56,64,64,3,3,0.067018,7.376057,inf,inf,7.381057,39.63,False
32,32,4,16,224,56,128,128,3,3,0.268071,29.504227,inf,inf,29.509227,41.42,False
32,32,4,16,224,56,256,256,3,3,1.072283,118.016907,inf,inf,118.021907,-32.14,False
32,32,4,16,224,28,64,64,3,3,0.033509,3.688028,inf,inf,3.693028,10.04,False
32,32,4,16,224,28,128,128,3,3,0.134035,14.752113,inf,inf,14.757113,33.95,False
32,32,4,16,224,28,256,256,3,3,0.536141,59.008454,inf,inf,59.013454,48.62,False
32,32,4,16,112,224,64,64,3,3,0.134035,14.752113,inf,inf,14.757113,40.37,False
32,32,4,16,112,224,128,128,3,3,0.536141,59.008454,inf,inf,59.013454,-29.54,False
32,32,4,16,112,224,256,256,3,3,2.144566,236.033814,inf,inf,236.038814,-69.74,False
32,32,4,16,112,112,64,64,3,3,0.067018,7.376057,inf,inf,7.381057,28.93,False
32,32,4,16,112,112,128,128,3,3,0.268071,29.504227,inf,inf,29.509227,41.19,False
32,32,4,16,112,112,256,256,3,3,1.072283,118.016907,inf,inf,118.021907,-27.86,False
32,32,4,16,112,56,64,64,3,3,0.033509,3.688028,inf,inf,3.693028,9.98,False
32,32,4,16,112,56,128,128,3,3,0.134035,14.752113,inf,inf,14.757113,29.76,False
32,32,4,16,112,56,256,256,3,3,0.536141,59.008454,inf,inf,59.013454,41.56,False
32,32,4,16,112,28,64,64,3,3,0.016754,1.844014,inf,inf,1.849014,8.45,False
32,32,4,16,112,28,128,128,3,3,0.067018,7.376057,inf,inf,7.381057,10.79,False
32,32,4,16,112,28,256,256,3,3,0.268071,29.504227,inf,inf,29.509227,28.00,False
32,32,4,16,56,224,64,64,3,3,0.067018,7.376057,inf,inf,7.381057,28.86,False
32,32,4,16,56,224,128,128,3,3,0.268071,29.504227,inf,inf,29.509227,5.33,False
32,32,4,16,56,224,256,256,3,3,1.072283,118.016907,inf,inf,118.021907,-40.39,False
32,32,4,16,56,112,64,64,3,3,0.033509,3.688028,inf,inf,3.693028,10.11,False
32,32,4,16,56,112,128,128,3,3,0.134035,14.752113,inf,inf,14.757113,1.89,False
32,32,4,16,56,112,256,256,3,3,0.536141,59.008454,inf,inf,59.013454,18.46,False
32,32,4,16,56,56,64,64,3,3,0.016754,1.844014,inf,inf,1.849014,-6.33,False
32,32,4,16,56,56,128,128,3,3,0.067018,7.376057,inf,inf,7.381057,10.73,False
32,32,4,16,56,56,256,256,3,3,0.268071,29.504227,inf,inf,29.509227,28.25,False
32,32,4,16,56,28,64,64,3,3,0.008377,0.922007,inf,inf,0.927007,-46.29,False
32,32,4,16,56,28,128,128,3,3,0.033509,3.688028,inf,inf,3.693028,1.32,False
32,32,4,16,56,28,256,256,3,3,0.134035,14.752113,inf,inf,14.757113,11.83,False
32,32,4,16,28,224,64,64,3,3,0.033509,3.688028,inf,inf,3.693028,10.87,False
32,32,4,16,28,224,128,128,3,3,0.134035,14.752113,inf,inf,14.757113,47.94,False
32,32,4,16,28,224,256,256,3,3,0.536141,59.008454,inf,inf,59.013454,15.05,False
32,32,4,16,28,112,64,64,3,3,0.016754,1.844014,inf,inf,1.849014,8.19,False
32,32,4,16,28,112,128,128,3,3,0.067018,7.376057,inf,inf,7.381057,1.28,False
32,32,4,16,28,112,256,256,3,3,0.268071,29.504227,inf,inf,29.509227,27.65,False
32,32,4,16,28,56,64,64,3,3,0.008377,0.922007,inf,inf,0.927007,-45.24,False
32,32,4,16,28,56,128,128,3,3,0.033509,3.688028,inf,inf,3.693028,8.94,False
32,32,4,16,28,56,256,256,3,3,0.134035,14.752113,inf,inf,14.757113,11.53,False
32,32,4,16,28,28,64,64,3,3,0.004189,0.461004,inf,inf,0.466004,-68.58,False
32,32,4,16,28,28,128,128,3,3,0.016754,1.844014,inf,inf,1.849014,-37.07,False
32,32,4,16,28,28,256,256,3,3,0.067018,7.376057,inf,inf,7.381057,3.46,False
32,32,8,4,224,224,64,64,3,3,0.268071,inf,2.222625,2.880057,2.885057,-66.65,True
32,32,8,4,224,224,128,128,3,3,1.072283,inf,8.890500,5.760115,8.895500,-76.07,True
32,32,8,4,224,224,256,256,3,3,4.289132,inf,35.562002,11.520230,35.567002,-83.15,True
32,32,8,4,224,112,64,64,3,3,0.134035,inf,1.270071,1.440029,1.445029,-66.62,True
32,32,8,4,224,112,128,128,3,3,0.536141,inf,5.080286,2.880057,5.085286,-69.70,True
32,32,8,4,224,112,256,256,3,3,2.144566,inf,20.321144,5.760115,20.326144,-77.13,True
32,32,8,4,224,56,64,64,3,3,0.067018,inf,0.635036,0.720014,0.725014,-68.83,True
32,32,8,4,224,56,128,128,3,3,0.268071,inf,2.540143,1.440029,2.545143,-64.07,True
32,32,8,4,224,56,256,256,3,3,1.072283,inf,10.160572,2.880057,10.165572,-69.23,True
32,32,8,4,224,28,64,64,3,3,0.033509,inf,0.317518,0.360007,0.365007,-69.33,True
32,32,8,4,224,28,128,128,3,3,0.134035,inf,1.270071,0.720014,1.275071,-72.47,True
32,32,8,4,224,28,256,256,3,3,0.536141,inf,5.080286,1.440029,5.085286,-70.85,True
32,32,8,4,112,224,64,64,3,3,0.134035,inf,1.270071,1.440029,1.445029,-60.33,True
32,32,8,4,112,224,128,128,3,3,0.536141,inf,5.080286,2.880057,5.085286,-71.23,True
32,32,8,4,112,224,256,256,3,3,2.144566,inf,20.321144,5.760115,20.326144,-75.77,True
32,32,8,4,112,112,64,64,3,3,0.067018,inf,0.725755,0.720014,0.730755,-68.58,True
32,32,8,4,112,112,128,128,3,3,0.268071,inf,2.903021,1.440029,2.908021,-69.89,True
32,32,8,4,112,112,256,256,3,3,1.072283,inf,11.612082,2.880057,11.617082,-69.52,True
32,32,8,4,112,56,64,64,3,3,0.033509,inf,0.362878,0.360007,0.367878,-69.22,True
32,32,8,4,112,56,128,128,3,3,0.134035,inf,1.451510,0.720014,1.456510,-67.86,True
32,32,8,4,112,56,256,256,3,3,0.536141,inf,5.806041,1.440029,5.811041,-77.30,True
32,32,8,4,112,28,64,64,3,3,0.016754,inf,0.181439,0.180004,0.186439,-84.33,True
32,32,8,4,112,28,128,128,3,3,0.067018,inf,0.725755,0.360007,0.730755,-68.53,True
32,32,8,4,112,28,256,256,3,3,0.268071,inf,2.903021,0.720014,2.908021,-67.72,True
32,32,8,4,56,224,64,64,3,3,0.067018,inf,0.635036,0.720014,0.725014,-72.57,True
32,32,8,4,56,224,128,128,3,3,0.268071,inf,2.540143,1.440029,2.545143,-73.13,True
32,32,8,4,56,224,256,256,3,3,1.072283,inf,10.160572,2.880057,10.165572,-66.23,True
32,32,8,4,56,112,64,64,3,3,0.033509,inf,0.362878,0.360007,0.367878,-69.39,True
32,32,8,4,56,112,128,128,3,3,0.134035,inf,1.451510,0.720014,1.456510,-69.34,True
32,32,8,4,56,112,256,256,3,3,0.536141,inf,5.806041,1.440029,5.811041,-67.64,True
32,32,8,4,56,56,64,64,3,3,0.016754,inf,0.181439,0.180004,0.186439,-84.27,True
32,32,8,4,56,56,128,128,3,3,0.067018,inf,0.725755,0.360007,0.730755,-68.45,True
32,32,8,4,56,56,256,256,3,3,0.268071,inf,2.903021,0.720014,2.908021,-70.44,True
32,32,8,4,56,28,64,64,3,3,0.008377,inf,0.090719,0.090002,0.095719,-91.91,True
32,32,8,4,56,28,128,128,3,3,0.033509,inf,0.362878,0.180004,0.367878,-84.11,True
32,32,8,4,56,28,256,256,3,3,0.134035,inf,1.451510,0.360007,1.456510,-71.81,True
32,32,8,4,28,224,64,64,3,3,0.033509,inf,0.317518,0.360007,0.365007,-69.48,True
32,32,8,4,28,224,128,128,3,3,0.134035,inf,1.270071,0.720014,1.275071,-75.70,True
32,32,8,4,28,224,256,256,3,3,0.536141,inf,5.080286,1.440029,5.085286,-70.84,True
32,32,8,4,28,112,64,64,3,3,0.016754,inf,0.181439,0.180004,0.186439,-84.31,True
32,32,8,4,28,112,128,128,3,3,0.067018,inf,0.725755,0.360007,0.730755,-74.98,True
32,32,8,4,28,112,256,256,3,3,0.268071,inf,2.903021,0.720014,2.908021,-67.87,True
32,32,8,4,28,56,64,64,3,3,0.008377,inf,0.090719,0.090002,0.095719,-92.10,True
32,32,8,4,28,56,128,128,3,3,0.033509,inf,0.362878,0.180004,0.367878,-84.15,True
32,32,8,4,28,56,256,256,3,3,0.134035,inf,1.451510,0.360007,1.456510,-68.09,True
32,32,8,4,28,28,64,64,3,3,0.004189,inf,0.045360,0.045001,0.050360,-95.77,True
32,32,8,4,28,28,128,128,3,3,0.016754,inf,0.181439,0.090002,0.186439,-91.90,True
32,32,8,4,28,28,256,256,3,3,0.067018,inf,0.725755,0.180004,0.730755,-83.99,True
32,32,8,8,224,224,64,64,3,3,0.536141,inf,2.222625,2.880057,2.885057,-62.49,True
32,32,8,8,224,224,128,128,3,3,2.144566,inf,8.890500,5.760115,8.895500,-72.93,True
32,32,8,8,224,224,256,256,3,3,8.578263,inf,35.562002,11.520230,35.567002,-80.19,True
32,32,8,8,224,112,64,64,3,3,0.268071,inf,1.270071,1.440029,1.445029,-72.37,True
32,32,8,8,224,112,128,128,3,3,1.072283,inf,5.080286,2.880057,5.085286,-71.69,True
32,32,8,8,224,112,256,256,3,3,4.289132,inf,20.321144,5.760115,20.326144,-75.93,True
32,32,8,8,224,56,64,64,3,3,0.134035,inf,0.635036,0.720014,0.725014,-75.61,True
32,32,8,8,224,56,128,128,3,3,0.536141,inf,2.540143,1.440029,2.545143,-77.35,True
32,32,8,8,224,56,256,256,3,3,2.144566,inf,10.160572,2.880057,10.165572,-72.55,True
32,32,8,8,224,28,64,64,3,3,0.067018,inf,0.317518,0.360007,0.365007,-75.67,True
32,32,8,8,224,28,128,128,3,3,0.268071,inf,1.270071,0.720014,1.275071,-78.22,True
32,32,8,8,224,28,256,256,3,3,1.072283,inf,5.080286,1.440029,5.085286,-70.86,True
32,32,8,8,112,224,64,64,3,3,0.268071,inf,1.270071,1.440029,1.445029,-69.25,True
32,32,8,8,112,224,128,128,3,3,1.072283,inf,5.080286,2.880057,5.085286,-71.78,True
32,32,8,8,112,224,256,256,3,3,4.289132,inf,20.321144,5.760115,20.326144,-76.46,True
32,32,8,8,112,112,64,64,3,3,0.134035,inf,0.725755,0.720014,0.730755,-75.30,True
32,32,8,8,112,112,128,128,3,3,0.536141,inf,2.903021,1.440029,2.908021,-81.50,True
32,32,8,8,112,112,256,256,3,3,2.144566,inf,11.612082,2.880057,11.617082,-77.97,True
32,32,8,8,112,56,64,64,3,3,0.067018,inf,0.362878,0.360007,0.367878,-75.73,True
32,32,8,8,112,56,128,128,3,3,0.268071,inf,1.451510,0.720014,1.456510,-78.24,True
32,32,8,8,112,56,256,256,3,3,1.072283,inf,5.806041,1.440029,5.811041,-74.56,True
32,32,8,8,112,28,64,64,3,3,0.033509,inf,0.181439,0.180004,0.186439,-88.10,True
32,32,8,8,112,28,128,128,3,3,0.134035,inf,0.725755,0.360007,0.730755,-75.00,True
32,32,8,8,112,28,256,256,3,3,0.536141,inf,2.903021,0.720014,2.908021,-75.27,True
32,32,8,8,56,224,64,64,3,3,0.134035,inf,0.635036,0.720014,0.725014,-75.58,True
32,32,8,8,56,224,128,128,3,3,0.536141,inf,2.540143,1.440029,2.545143,-71.94,True
32,32,8,8,56,224,256,256,3,3,2.144566,inf,10.160572,2.880057,10.165572,-70.62,True
32,32,8,8,56,112,64,64,3,3,0.067018,inf,0.362878,0.360007,0.367878,-75.77,True
32,32,8,8,56,112,128,128,3,3,0.268071,inf,1.451510,0.720014,1.456510,-74.87,True
32,32,8,8,56,112,256,256,3,3,1.072283,inf,5.806041,1.440029,5.811041,-81.18,True
32,32,8,8,56,56,64,64,3,3,0.033509,inf,0.181439,0.180004,0.186439,-87.60,True
32,32,8,8,56,56,128,128,3,3,0.134035,inf,0.725755,0.360007,0.730755,-75.20,True
32,32,8,8,56,56,256,256,3,3,0.536141,inf,2.903021,0.720014,2.908021,-74.58,True
32,32,8,8,56,28,64,64,3,3,0.016754,inf,0.090719,0.090002,0.095719,-93.58,True
32,32,8,8,56,28,128,128,3,3,0.067018,inf,0.362878,0.180004,0.367878,-94.15,True
32,32,8,8,56,28,256,256,3,3,0.268071,inf,1.451510,0.360007,1.456510,-74.78,True
32,32,8,8,28,224,64,64,3,3,0.067018,inf,0.317518,0.360007,0.365007,-79.83,True
32,32,8,8,28,224,128,128,3,3,0.268071,inf,1.270071,0.720014,1.275071,-78.19,True
32,32,8,8,28,224,256,256,3,3,1.072283,inf,5.080286,1.440029,5.085286,-79.03,True
32,32,8,8,28,112,64,64,3,3,0.033509,inf,0.181439,0.180004,0.186439,-87.58,True
32,32,8,8,28,112,128,128,3,3,0.134035,inf,0.725755,0.360007,0.730755,-75.11,True
32,32,8,8,28,112,256,256,3,3,0.536141,inf,2.903021,0.720014,2.908021,-74.71,True
32,32,8,8,28,56,64,64,3,3,0.016754,inf,0.090719,0.090002,0.095719,-93.61,True
32,32,8,8,28,56,128,128,3,3,0.067018,inf,0.362878,0.180004,0.367878,-92.29,True
32,32,8,8,28,56,256,256,3,3,0.268071,inf,1.451510,0.360007,1.456510,-74.90,True
32,32,8,8,28,28,64,64,3,3,0.008377,inf,0.045360,0.045001,0.050360,-96.63,True
32,32,8,8,28,28,128,128,3,3,0.033509,inf,0.181439,0.090002,0.186439,-93.60,True
32,32,8,8,28,28,256,256,3,3,0.134035,inf,0.725755,0.180004,0.730755,-87.35,True
32,32,8,16,224,224,64,64,3,3,0.268071,29.504227,inf,inf,29.509227,-64.33,False
32,32,8,16,224,224,128,128,3,3,1.072283,118.016907,inf,inf,118.021907,-69.67,False
32,32,8,16,224,224,256,256,3,3,4.289132,472.067629,inf,inf,472.072629,-81.46,False
32,32,8,16,224,112,64,64,3,3,0.134035,14.752113,inf,inf,14.757113,3.76,False
32,32,8,16,224,112,128,128,3,3,0.536141,59.008454,inf,inf,59.013454,-33.64,False
32,32,8,16,224,112,256,256,3,3,2.144566,236.033814,inf,inf,236.038814,-72.16,False
32,32,8,16,224,56,64,64,3,3,0.067018,7.376057,inf,inf,7.381057,10.35,False
32,32,8,16,224,56,128,128,3,3,0.268071,29.504227,inf,inf,29.509227,33.73,False
32,32,8,16,224,56,256,256,3,3,1.072283,118.016907,inf,inf,118.021907,-38.80,False
32,32,8,16,224,28,64,64,3,3,0.033509,3.688028,inf,inf,3.693028,10.01,False
32,32,8,16,224,28,128,128,3,3,0.134035,14.752113,inf,inf,14.757113,-40.89,False
32,32,8,16,224,28,256,256,3,3,0.536141,59.008454,inf,inf,59.013454,48.39,False
32,32,8,16,112,224,64,64,3,3,0.134035,14.752113,inf,inf,14.757113,29.07,False
32,32,8,16,112,224,128,128,3,3,0.536141,59.008454,inf,inf,59.013454,-46.79,False
32,32,8,16,112,224,256,256,3,3,2.144566,236.033814,inf,inf,236.038814,-74.16,False
32,32,8,16,112,112,64,64,3,3,0.067018,7.376057,inf,inf,7.381057,-80.61,False
32,32,8,16,112,112,128,128,3,3,0.268071,29.504227,inf,inf,29.509227,29.26,False
32,32,8,16,112,112,256,256,3,3,1.072283,118.016907,inf,inf,118.021907,-46.72,False
32,32,8,16,112,56,64,64,3,3,0.033509,3.688028,inf,inf,3.693028,-17.27,False
32,32,8,16,112,56,128,128,3,3,0.134035,14.752113,inf,inf,14.757113,11.11,False
32,32,8,16,112,56,256,256,3,3,0.536141,59.008454,inf,inf,59.013454,-31.40,False
32,32,8,16,112,28,64,64,3,3,0.016754,1.844014,inf,inf,1.849014,-44.90,False
32,32,8,16,112,28,128,128,3,3,0.067018,7.376057,inf,inf,7.381057,10.36,False
32,32,8,16,112,28,256,256,3,3,0.268071,29.504227,inf,inf,29.509227,8.29,False
32,32,8,16,56,224,64,64,3,3,0.067018,7.376057,inf,inf,7.381057,-31.40,False
32,32,8,16,56,224,128,128,3,3,0.268071,29.504227,inf,inf,29.509227,29.44,False
32,32,8,16,56,224,256,256,3,3,1.072283,118.016907,inf,inf,118.021907,-64.26,False
32,32,8,16,56,112,64,64,3,3,0.033509,3.688028,inf,inf,3.693028,-5.19,False
32,32,8,16,56,112,128,128,3,3,0.134035,14.752113,inf,inf,14.757113,11.74,False
32,32,8,16,56,112,256,256,3,3,0.536141,59.008454,inf,inf,59.013454,10.47,False
32,32,8,16,56,56,64,64,3,3,0.016754,1.844014,inf,inf,1.849014,-59.07,False
32,32,8,16,56,56,128,128,3,3,0.067018,7.376057,inf,inf,7.381057,-5.16,False
32,32,8,16,56,56,256,256,3,3,0.268071,29.504227,inf,inf,29.509227,5.00,False
32,32,8,16,56,28,64,64,3,3,0.008377,0.922007,inf,inf,0.927007,-72.18,False
32,32,8,16,56,28,128,128,3,3,0.033509,3.688028,inf,inf,3.693028,-47.35,False
32,32,8,16,56,28,256,256,3,3,0.134035,14.752113,inf,inf,14.757113,2.59,False
32,32,8,16,28,224,64,64,3,3,0.033509,3.688028,inf,inf,3.693028,10.11,False
32,32,8,16,28,224,128,128,3,3,0.134035,14.752113,inf,inf,14.757113,-6.92,False
32,32,8,16,28,224,256,256,3,3,0.536141,59.008454,inf,inf,59.013454,22.39,False
32,32,8,16,28,112,64,64,3,3,0.016754,1.844014,inf,inf,1.849014,-45.26,False
32,32,8,16,28,112,128,128,3,3,0.067018,7.376057,inf,inf,7.381057,10.10,False
32,32,8,16,28,112,256,256,3,3,0.268071,29.504227,inf,inf,29.509227,11.39,False
32,32,8,16,28,56,64,64,3,3,0.008377,0.922007,inf,inf,0.927007,-72.40,False
32,32,8,16,28,56,128,128,3,3,0.033509,3.688028,inf,inf,3.693028,-65.87,False
32,32,8,16,28,56,256,256,3,3,0.134035,14.752113,inf,inf,14.757113,10.51,False
32,32,8,16,28,28,64,64,3,3,0.004189,0.461004,inf,inf,0.466004,-91.21,False
32,32,8,16,28,28,128,128,3,3,0.016754,1.844014,inf,inf,1.849014,-68.10,False
32,32,8,16,28,28,256,256,3,3,0.067018,7.376057,inf,inf,7.381057,-47.50,False
32,32,16,4,224,224,64,64,3,3,0.268071,inf,1.111313,2.880057,2.885057,-67.95,True
32,32,16,4,224,224,128,128,3,3,1.072283,inf,4.445250,5.760115,5.765115,-84.19,True
32,32,16,4,224,224,256,256,3,3,4.289132,inf,17.781001,11.520230,17.786001,-91.33,True
32,32,16,4,224,112,64,64,3,3,0.134035,inf,0.635036,1.440029,1.445029,-69.66,True
32,32,16,4,224,112,128,128,3,3,0.536141,inf,2.540143,2.880057,2.885057,-82.54,True
32,32,16,4,224,112,256,256,3,3,2.144566,inf,10.160572,5.760115,10.165572,-88.73,True
32,32,16,4,224,56,64,64,3,3,0.067018,inf,0.317518,0.720014,0.725014,-69.20,True
32,32,16,4,224,56,128,128,3,3,0.268071,inf,1.270071,1.440029,1.445029,-90.44,True
32,32,16,4,224,56,256,256,3,3,1.072283,inf,5.080286,2.880057,5.085286,-83.57,True
32,32,16,4,224,28,64,64,3,3,0.033509,inf,0.158759,0.360007,0.365007,-84.22,True
32,32,16,4,224,28,128,128,3,3,0.134035,inf,0.635036,0.720014,0.725014,-84.38,True
32,32,16,4,224,28,256,256,3,3,0.536141,inf,2.540143,1.440029,2.545143,-93.30,True
32,32,16,4,112,224,64,64,3,3,0.134035,inf,0.635036,1.440029,1.445029,-69.92,True
32,32,16,4,112,224,128,128,3,3,0.536141,inf,2.540143,2.880057,2.885057,-83.50,True
32,32,16,4,112,224,256,256,3,3,2.144566,inf,10.160572,5.760115,10.165572,-87.73,True
32,32,16,4,112,112,64,64,3,3,0.067018,inf,0.362878,0.720014,0.725014,-69.27,True
32,32,16,4,112,112,128,128,3,3,0.268071,inf,1.451510,1.440029,1.456510,-86.01,True
32,32,16,4,112,112,256,256,3,3,1.072283,inf,5.806041,2.880057,5.811041,-85.79,True
32,32,16,4,112,56,64,64,3,3,0.033509,inf,0.181439,0.360007,0.365007,-93.89,True
32,32,16,4,112,56,128,128,3,3,0.134035,inf,0.725755,0.720014,0.730755,-84.20,True
32,32,16,4,112,56,256,256,3,3,0.536141,inf,2.903021,1.440029,2.908021,-87.88,True
32,32,16,4,112,28,64,64,3,3,0.016754,inf,0.090719,0.180004,0.185004,-91.98,True
32,32,16,4,112,28,128,128,3,3,0.067018,inf,0.362878,0.360007,0.367878,-91.96,True
32,32,16,4,112,28,256,256,3,3,0.268071,inf,1.451510,0.720014,1.456510,-84.04,True
32,32,16,4,56,224,64,64,3,3,0.067018,inf,0.317518,0.720014,0.725014,-69.38,True
32,32,16,4,56,224,128,128,3,3,0.268071,inf,1.270071,1.440029,1.445029,-94.52,True
32,32,16,4,56,224,256,256,3,3,1.072283,inf,5.080286,2.880057,5.085286,-81.78,True
32,32,16,4,56,112,64,64,3,3,0.033509,inf,0.181439,0.360007,0.365007,-94.21,True
32,32,16,4,56,112,128,128,3,3,0.134035,inf,0.725755,0.720014,0.730755,-84.24,True
32,32,16,4,56,112,256,256,3,3,0.536141,inf,2.903021,1.440029,2.908021,-88.97,True
32,32,16,4,56,56,64,64,3,3,0.016754,inf,0.090719,0.180004,0.185004,-92.02,True
32,32,16,4,56,56,128,128,3,3,0.067018,inf,0.362878,0.360007,0.367878,-91.94,True
32,32,16,4,56,56,256,256,3,3,0.268071,inf,1.451510,0.720014,1.456510,-84.05,True
32,32,16,4,56,28,64,64,3,3,0.008377,inf,0.045360,0.090002,0.095002,-95.91,True
32,32,16,4,56,28,128,128,3,3,0.033509,inf,0.181439,0.180004,0.186439,-97.31,True
32,32,16,4,56,28,256,256,3,3,0.134035,inf,0.725755,0.360007,0.730755,-95.25,True
32,32,16,4,28,224,64,64,3,3,0.033509,inf,0.158759,0.360007,0.365007,-84.25,True
32,32,16,4,28,224,128,128,3,3,0.134035,inf,0.635036,0.720014,0.725014,-84.53,True
32,32,16,4,28,224,256,256,3,3,0.536141,inf,2.540143,1.440029,2.545143,-86.15,True
32,32,16,4,28,112,64,64,3,3,0.016754,inf,0.090719,0.180004,0.185004,-94.79,True
32,32,16,4,28,112,128,128,3,3,0.067018,inf,0.362878,0.360007,0.367878,-92.79,True
32,32,16,4,28,112,256,256,3,3,0.268071,inf,1.451510,0.720014,1.456510,-84.04,True
32,32,16,4,28,56,64,64,3,3,0.008377,inf,0.045360,0.090002,0.095002,-95.95,True
32,32,16,4,28,56,128,128,3,3,0.033509,inf,0.181439,0.180004,0.186439,-95.92,True
32,32,16,4,28,56,256,256,3,3,0.134035,inf,0.725755,0.360007,0.730755,-92.39,True
32,32,16,4,28,28,64,64,3,3,0.004189,inf,0.022680,0.045001,0.050001,-98.16,True
32,32,16,4,28,28,128,128,3,3,0.016754,inf,0.090719,0.090002,0.095719,-97.90,True
32,32,16,4,28,28,256,256,3,3,0.067018,inf,0.362878,0.180004,0.367878,-96.12,True
32,32,16,8,224,224,64,64,3,3,0.536141,inf,1.111313,2.880057,2.885057,-85.51,True
32,32,16,8,224,224,128,128,3,3,2.144566,inf,4.445250,5.760115,5.765115,-85.25,True
32,32,16,8,224,224,256,256,3,3,8.578263,inf,17.781001,11.520230,17.786001,-90.59,True
32,32,16,8,224,112,64,64,3,3,0.268071,inf,0.635036,1.440029,1.445029,-75.83,True
32,32,16,8,224,112,128,128,3,3,1.072283,inf,2.540143,2.880057,2.885057,-98.90,True
32,32,16,8,224,112,256,256,3,3,4.289132,inf,10.160572,5.760115,10.165572,-90.23,True
32,32,16,8,224,56,64,64,3,3,0.134035,inf,0.317518,0.720014,0.725014,-79.70,True
32,32,16,8,224,56,128,128,3,3,0.536141,inf,1.270071,1.440029,1.445029,-87.62,True
32,32,16,8,224,56,256,256,3,3,2.144566,inf,5.080286,2.880057,5.085286,-98.24,True
32,32,16,8,224,28,64,64,3,3,0.067018,inf,0.158759,0.360007,0.365007,-87.55,True
32,32,16,8,224,28,128,128,3,3,0.268071,inf,0.635036,0.720014,0.725014,-88.85,True
32,32,16,8,224,28,256,256,3,3,1.072283,inf,2.540143,1.440029,2.545143,-89.05,True
32,32,16,8,112,224,64,64,3,3,0.268071,inf,0.635036,1.440029,1.445029,-81.59,True
32,32,16,8,112,224,128,128,3,3,1.072283,inf,2.540143,2.880057,2.885057,-83.98,True
32,32,16,8,112,224,256,256,3,3,4.289132,inf,10.160572,5.760115,10.165572,-90.10,True
32,32,16,8,112,112,64,64,3,3,0.134035,inf,0.362878,0.720014,0.725014,-75.75,True
32,32,16,8,112,112,128,128,3,3,0.536141,inf,1.451510,1.440029,1.456510,-90.46,True
32,32,16,8,112,112,256,256,3,3,2.144566,inf,5.806041,2.880057,5.811041,-90.30,True
32,32,16,8,112,56,64,64,3,3,0.067018,inf,0.181439,0.360007,0.365007,-87.60,True
32,32,16,8,112,56,128,128,3,3,0.268071,inf,0.725755,0.720014,0.730755,-89.77,True
32,32,16,8,112,56,256,256,3,3,1.072283,inf,2.903021,1.440029,2.908021,-87.30,True
32,32,16,8,112,28,64,64,3,3,0.033509,inf,0.090719,0.180004,0.185004,-96.25,True
32,32,16,8,112,28,128,128,3,3,0.134035,inf,0.362878,0.360007,0.367878,-93.67,True
32,32,16,8,112,28,256,256,3,3,0.536141,inf,1.451510,0.720014,1.456510,-87.70,True
32,32,16,8,56,224,64,64,3,3,0.134035,inf,0.317518,0.720014,0.725014,-75.68,True
32,32,16,8,56,224,128,128,3,3,0.536141,inf,1.270071,1.440029,1.445029,-90.03,True
32,32,16,8,56,224,256,256,3,3,2.144566,inf,5.080286,2.880057,5.085286,-85.42,True
32,32,16,8,56,112,64,64,3,3,0.067018,inf,0.181439,0.360007,0.365007,-87.58,True
32,32,16,8,56,112,128,128,3,3,0.268071,inf,0.725755,0.720014,0.730755,-87.53,True
32,32,16,8,56,112,256,256,3,3,1.072283,inf,2.903021,1.440029,2.908021,-93.18,True
32,32,16,8,56,56,64,64,3,3,0.033509,inf,0.090719,0.180004,0.185004,-93.70,True
32,32,16,8,56,56,128,128,3,3,0.134035,inf,0.362878,0.360007,0.367878,-93.65,True
32,32,16,8,56,56,256,256,3,3,0.536141,inf,1.451510,0.720014,1.456510,-87.70,True
32,32,16,8,56,28,64,64,3,3,0.016754,inf,0.045360,0.090002,0.095002,-96.84,True
32,32,16,8,56,28,128,128,3,3,0.067018,inf,0.181439,0.180004,0.186439,-96.77,True
32,32,16,8,56,28,256,256,3,3,0.268071,inf,0.725755,0.360007,0.730755,-94.99,True
32,32,16,8,28,224,64,64,3,3,0.067018,inf,0.158759,0.360007,0.365007,-87.58,True
32,32,16,8,28,224,128,128,3,3,0.268071,inf,0.635036,0.720014,0.725014,-89.01,True
32,32,16,8,28,224,256,256,3,3,1.072283,inf,2.540143,1.440029,2.545143,-89.08,True
32,32,16,8,28,112,64,64,3,3,0.033509,inf,0.090719,0.180004,0.185004,-93.76,True
32,32,16,8,28,112,128,128,3,3,0.134035,inf,0.362878,0.360007,0.367878,-93.66,True
32,32,16,8,28,112,256,256,3,3,0.536141,inf,1.451510,0.720014,1.456510,-89.76,True
32,32,16,8,28,56,64,64,3,3,0.016754,inf,0.045360,0.090002,0.095002,-97.74,True
32,32,16,8,28,56,128,128,3,3,0.067018,inf,0.181439,0.180004,0.186439,-96.79,True
32,32,16,8,28,56,256,256,3,3,0.268071,inf,0.725755,0.360007,0.730755,-95.27,True
32,32,16,8,28,28,64,64,3,3,0.008377,inf,0.022680,0.045001,0.050001,-98.29,True
32,32,16,8,28,28,128,128,3,3,0.033509,inf,0.090719,0.090002,0.095719,-98.42,True
32,32,16,8,28,28,256,256,3,3,0.134035,inf,0.362878,0.180004,0.367878,-98.77,True
32,32,16,16,224,224,64,64,3,3,0.268071,29.504227,inf,inf,29.509227,-48.86,False
32,32,16,16,224,224,128,128,3,3,1.072283,118.016907,inf,inf,118.021907,-69.09,False
32,32,16,16,224,224,256,256,3,3,4.289132,472.067629,inf,inf,472.072629,-92.21,False
32,32,16,16,224,112,64,64,3,3,0.134035,14.752113,inf,inf,14.757113,-22.38,False
32,32,16,16,224,112,128,128,3,3,0.536141,59.008454,inf,inf,59.013454,-96.52,False
32,32,16,16,224,112,256,256,3,3,2.144566,236.033814,inf,inf,236.038814,-93.88,False
32,32,16,16,224,56,64,64,3,3,0.067018,7.376057,inf,inf,7.381057,-3.25,False
32,32,16,16,224,56,128,128,3,3,0.268071,29.504227,inf,inf,29.509227,10.95,False
32,32,16,16,224,56,256,256,3,3,1.072283,118.016907,inf,inf,118.021907,-34.43,False
32,32,16,16,224,28,64,64,3,3,0.033509,3.688028,inf,inf,3.693028,-99.00,False
32,32,16,16,224,28,128,128,3,3,0.134035,14.752113,inf,inf,14.757113,-97.97,False
32,32,16,16,224,28,256,256,3,3,0.536141,59.008454,inf,inf,59.013454,7.64,False
32,32,16,16,112,224,64,64,3,3,0.134035,14.752113,inf,inf,14.757113,-3.33,False
32,32,16,16,112,224,128,128,3,3,0.536141,59.008454,inf,inf,59.013454,-34.18,False
32,32,16,16,112,224,256,256,3,3,2.144566,236.033814,inf,inf,236.038814,-69.39,False
32,32,16,16,112,112,64,64,3,3,0.067018,7.376057,inf,inf,7.381057,-3.63,False
32,32,16,16,112,112,128,128,3,3,0.268071,29.504227,inf,inf,29.509227,-2.50,False
32,32,16,16,112,112,256,256,3,3,1.072283,118.016907,inf,inf,118.021907,-29.00,False
32,32,16,16,112,56,64,64,3,3,0.033509,3.688028,inf,inf,3.693028,-51.12,False
32,32,16,16,112,56,128,128,3,3,0.134035,14.752113,inf,inf,14.757113,-3.77,False
32,32,16,16,112,56,256,256,3,3,0.536141,59.008454,inf,inf,59.013454,11.06,False
32,32,16,16,112,28,64,64,3,3,0.016754,1.844014,inf,inf,1.849014,-71.97,False
32,32,16,16,112,28,128,128,3,3,0.067018,7.376057,inf,inf,7.381057,-43.96,False
32,32,16,16,112,28,256,256,3,3,0.268071,29.504227,inf,inf,29.509227,10.92,False
32,32,16,16,56,224,64,64,3,3,0.067018,7.376057,inf,inf,7.381057,-3.75,False
32,32,16,16,56,224,128,128,3,3,0.268071,29.504227,inf,inf,29.509227,11.08,False
32,32,16,16,56,224,256,256,3,3,1.072283,118.016907,inf,inf,118.021907,-33.99,False
32,32,16,16,56,112,64,64,3,3,0.033509,3.688028,inf,inf,3.693028,-51.14,False
32,32,16,16,56,112,128,128,3,3,0.134035,14.752113,inf,inf,14.757113,-4.12,False
32,32,16,16,56,112,256,256,3,3,0.536141,59.008454,inf,inf,59.013454,11.85,False
32,32,16,16,56,56,64,64,3,3,0.016754,1.844014,inf,inf,1.849014,-75.54,False
32,32,16,16,56,56,128,128,3,3,0.067018,7.376057,inf,inf,7.381057,-51.01,False
32,32,16,16,56,56,256,256,3,3,0.268071,29.504227,inf,inf,29.509227,-3.66,False
32,32,16,16,56,28,64,64,3,3,0.008377,0.922007,inf,inf,0.927007,-85.90,False
32,32,16,16,56,28,128,128,3,3,0.033509,3.688028,inf,inf,3.693028,-71.96,False
32,32,16,16,56,28,256,256,3,3,0.134035,14.752113,inf,inf,14.757113,-43.93,False
32,32,16,16,28,224,64,64,3,3,0.033509,3.688028,inf,inf,3.693028,-44.15,False
32,32,16,16,28,224,128,128,3,3,0.134035,14.752113,inf,inf,14.757113,10.93,False
32,32,16,16,28,224,256,256,3,3,0.536141,59.008454,inf,inf,59.013454,11.36,False
32,32,16,16,28,112,64,64,3,3,0.016754,1.844014,inf,inf,1.849014,-72.00,False
32,32,16,16,28,112,128,128,3,3,0.067018,7.376057,inf,inf,7.381057,-44.09,False
32,32,16,16,28,112,256,256,3,3,0.268071,29.504227,inf,inf,29.509227,10.62,False
32,32,16,16,28,56,64,64,3,3,0.008377,0.922007,inf,inf,0.927007,-85.94,False
32,32,16,16,28,56,128,128,3,3,0.033509,3.688028,inf,inf,3.693028,-72.00,False
32,32,16,16,28,56,256,256,3,3,0.134035,14.752113,inf,inf,14.757113,-44.05,False
32,32,16,16,28,28,64,64,3,3,0.004189,0.461004,inf,inf,0.466004,-91.92,False
32,32,16,16,28,28,128,128,3,3,0.016754,1.844014,inf,inf,1.849014,-83.97,False
32,32,16,16,28,28,256,256,3,3,0.067018,7.376057,inf,inf,7.381057,-67.96,False
